# Blender 4.3.2
# www.blender.org
mtllib car.mtl
o Car
v 1.125603 0.530862 3.444297
v 1.145065 1.320752 3.451746
v 1.391572 0.798092 -3.055415
v 1.302480 1.490984 -3.150094
v -0.950642 0.530862 3.444298
v -0.970104 1.320752 3.451747
v -1.216614 0.798092 -3.055414
v -1.127521 1.490984 -3.150093
v 1.391572 0.435013 -1.025965
v 1.391573 0.435013 0.998464
v 1.391573 1.951803 1.025965
v 1.391573 1.951804 -1.025964
v -1.216613 0.435013 0.998465
v -1.216614 0.435014 -1.025964
v -1.216614 1.951804 -1.025964
v -1.216613 1.951803 1.025965
v 1.391572 1.606171 -2.122003
v -1.216614 0.435014 -2.122002
v 1.391572 0.435014 -2.122003
v -1.216614 1.606171 -2.122002
v 1.391574 0.409520 2.211409
v -1.216612 1.430323 2.211411
v 1.391574 1.430323 2.211410
v -1.216613 0.409520 2.211410
v 1.391572 1.012589 -1.573984
v -1.216614 1.778987 -1.573983
v 1.391572 1.778987 -1.573984
v -1.216614 1.012589 -1.573983
v 1.391573 1.705196 1.618687
v -1.216613 1.012588 1.618688
v 1.391573 1.012588 1.618687
v -1.216613 1.705196 1.618688
v -0.887222 0.686417 -3.055414
v 1.062179 0.686417 -3.055414
v 1.053124 1.537310 -3.150115
v -0.878166 1.537309 -3.150115
v 1.063714 0.531789 3.431744
v -0.888753 0.531789 3.431745
v -0.791906 1.362756 3.440786
v 0.966867 1.362756 3.440786
v 1.162196 1.994271 -1.025964
v -0.987237 1.994271 -1.025964
v 1.167611 1.979874 1.025965
v -0.992651 1.979874 1.025965
v -0.887221 0.435014 -1.025964
v 1.062180 0.435013 -1.025965
v -0.887220 0.435013 1.025965
v 1.062180 0.435013 1.025964
v -0.887221 0.435014 -2.122003
v 1.062179 0.435014 -2.122003
v 1.162196 1.648638 -2.122003
v -0.987238 1.648638 -2.122002
v 1.169163 1.654517 1.896573
v -0.994203 1.654518 1.896574
v -0.887220 0.347084 2.211410
v 1.062181 0.347084 2.211409
v -0.654514 1.012589 -1.573983
v 0.829473 1.012589 -1.573984
v 1.303268 1.810610 -1.573984
v -1.128309 1.810610 -1.573983
v -0.888557 1.012588 1.618688
v 0.829474 1.012588 1.618687
v 1.317635 1.715288 1.618687
v -1.142674 1.715288 1.618688
v 1.278413 1.033100 3.426041
v 1.412184 1.151739 -3.203600
v -1.237224 1.151741 -3.203599
v -1.103451 1.033100 3.426042
v -1.302941 1.334513 -1.025964
v -1.302941 1.334512 1.073528
v 1.477901 1.312099 1.073527
v 1.477900 1.334513 -1.025964
v -1.302942 1.161697 -2.122002
v 1.477900 1.161696 -2.122003
v 1.477901 1.150910 2.211410
v -1.302940 1.150910 2.211411
v 1.477900 1.395788 -1.573984
v -1.302942 1.395788 -1.573983
v -1.302941 1.390395 1.618688
v 1.477901 1.390394 1.618687
v -0.951742 1.142507 3.584099
v 1.126704 1.142507 3.584098
v 1.130184 1.173127 -3.203376
v -0.955227 1.173128 -3.203375
v 1.391573 0.435013 -0.082440
v 1.391573 1.951803 -0.082440
v -1.216613 0.435013 -0.082440
v -1.216613 1.951803 -0.082439
v 1.062180 0.435013 0.135505
v -0.887221 0.435013 0.135505
v -0.887221 2.042239 0.135506
v 1.062180 2.042238 0.135505
v 1.477901 1.334512 -0.009347
v -1.302941 1.334512 -0.009346
v 1.391573 0.435013 0.850604
v -1.220269 1.925660 0.814235
v 1.033186 0.435013 0.925446
v -0.887220 0.435013 0.977853
v -0.887220 2.005087 0.977854
v 1.062181 2.005087 0.977853
v -1.299285 1.360656 0.940908
v 1.395229 1.925659 0.814234
v -1.216613 0.435013 0.850605
v 1.474245 1.360656 0.940907
v 1.395229 1.925660 -0.950422
v -1.170420 0.435014 -0.987983
v 1.474244 1.360656 -0.941689
v 1.345379 0.435013 -0.987984
v -1.220270 1.925660 -0.950420
v 1.062180 0.435013 -0.979211
v -0.887221 0.435014 -0.979210
v -0.887221 2.005088 -0.979209
v 1.062180 2.005088 -0.979210
v -1.299285 1.360657 -0.941687
v 1.391573 0.435013 -0.130021
v -1.220270 1.925660 -0.167465
v 1.062180 0.435013 0.076933
v -0.887221 0.435013 0.076934
v -0.887221 2.042239 0.076934
v 1.062180 2.042239 0.076934
v -1.299285 1.360656 -0.098067
v 1.395229 1.925660 -0.167466
v -1.216613 0.435013 -0.130020
v 1.474245 1.360656 -0.098067
v 1.395229 1.925660 -0.000458
v -1.216613 0.435013 -0.037154
v 1.474245 1.360656 0.074921
v 1.391573 0.435013 -0.037155
v -1.220270 1.925660 -0.000457
v 1.033186 0.435013 0.228795
v -0.887221 0.435013 0.176389
v -0.887221 2.042239 0.176389
v 1.062180 2.042238 0.176389
v -1.299285 1.360656 0.074922
v -1.216613 1.951803 -0.037154
v -1.216613 1.951803 0.850605
v -1.302941 1.334512 0.038568
v -1.302941 1.334512 0.977854
v 1.391573 1.951803 0.850604
v 1.477901 1.334512 0.977853
v 1.391573 1.951803 -0.130020
v 1.391573 1.951804 -0.987983
v 1.477901 1.334512 -0.060307
v 1.477900 1.334513 -0.979210
v -1.216614 1.951804 -0.987982
v -1.302941 1.334513 -0.979209
v -1.216613 1.951803 -0.130020
v -1.302941 1.334512 -0.060306
v 1.391573 1.951803 -0.037154
v 1.477901 1.334512 0.038567
v -1.185713 1.925660 -0.000457
v -1.185712 1.925660 0.814235
v -1.262640 1.360656 0.074922
v -1.262640 1.360656 0.940908
v 1.360672 1.925659 0.814234
v 1.437600 1.360656 0.940907
v 1.360672 1.925660 -0.167466
v 1.360672 1.925660 -0.950422
v 1.437600 1.360656 -0.098067
v 1.437600 1.360656 -0.941689
v -1.185713 1.925660 -0.950420
v -1.262641 1.360656 -0.941687
v -1.185713 1.925660 -0.167465
v -1.262640 1.360656 -0.098067
v 1.360672 1.925660 -0.000458
v 1.437600 1.360656 0.074921
v -1.271317 0.435013 -0.559002
v 1.536226 1.334512 -0.519759
v 1.446276 0.435013 -0.559002
v 1.103066 0.435013 -0.451139
v -0.928107 0.435013 -0.451138
v -1.361266 1.334513 -0.519758
v 1.532416 1.360656 -0.519878
v -1.357457 1.360656 -0.519877
v 1.494234 1.360656 -0.519878
v -1.319275 1.360656 -0.519877
v 1.446214 0.435013 0.406725
v 1.068685 0.435013 0.577120
v -0.928061 0.435013 0.577121
v -1.361200 1.334512 0.508211
v -1.271255 0.435013 0.406725
v 1.536160 1.334512 0.508210
v -1.357390 1.360656 0.507915
v 1.532350 1.360656 0.507914
v -1.319210 1.360656 0.507915
v 1.494170 1.360656 0.507914
v 0.087479 0.686417 -3.055414
v 0.087479 1.567796 -3.145394
v 0.087481 0.531294 3.442929
v -0.244069 1.337483 3.449932
v 0.087479 2.061925 -1.025964
v 0.087480 2.061925 1.025965
v 0.087479 0.435014 -1.025964
v 0.087480 0.435013 1.025965
v 0.087479 0.435014 -2.122003
v 0.087479 1.659454 -2.122003
v 0.087480 1.607939 1.990930
v 0.087480 0.435012 2.211410
v 0.087479 0.445529 -1.573984
v 0.087479 1.889109 -1.573983
v 0.087480 0.445984 1.618687
v 0.087480 1.815318 1.618688
v 0.087479 1.142509 -3.208025
v 0.087481 0.887603 3.660842
v 0.087480 2.128493 0.135505
v 0.087480 0.435013 0.135505
v 0.087480 2.061925 0.977854
v 0.121397 0.435013 0.925446
v 0.087479 0.435013 -0.979210
v 0.087480 2.061925 -0.979210
v 0.087480 0.435013 0.076934
v 0.087480 2.128493 0.076934
v 0.121397 0.435013 0.228795
v 0.087480 2.128493 0.176389
v 0.087480 0.435013 -0.451138
v 0.121397 0.435013 0.577121
v 1.385828 0.481161 2.263476
v -1.216612 1.427104 2.266334
v 1.391574 1.427104 2.266333
v -1.210867 0.481162 2.263477
v -0.887220 1.560765 2.266334
v 1.062181 1.560765 2.266334
v 1.062181 0.390093 2.266333
v -0.887220 0.390094 2.266334
v 1.477901 1.149300 2.263045
v -1.302940 1.149300 2.263046
v 0.087480 0.435012 2.266334
v 0.087481 1.508307 2.266334
v 1.348992 1.601771 -2.156394
v -1.216614 0.598522 -2.156393
v 1.391572 0.598522 -2.156394
v -1.174034 1.601771 -2.156393
v -0.887221 1.655055 -2.156393
v 1.062179 1.655055 -2.156393
v 1.062179 0.481328 -2.156394
v -0.887221 0.481328 -2.156393
v -1.302942 1.159497 -2.156393
v 1.477900 1.159496 -2.156394
v 0.087479 0.435014 -2.156393
v 0.087479 1.655055 -2.156393
v 1.391573 0.871912 -1.223406
v -1.216614 1.865395 -1.299973
v 1.391572 1.865395 -1.299974
v -1.216614 0.871912 -1.223405
v 0.829473 0.871912 -1.223406
v -0.654514 0.871912 -1.223406
v -1.057774 1.902440 -1.299973
v 1.232732 1.902440 -1.299974
v 1.477900 1.365150 -1.299974
v -1.302942 1.365151 -1.299973
v 0.087479 1.975517 -1.299974
v 0.087479 0.445986 -1.299974
v 1.391572 1.692579 -1.847993
v -1.216614 0.877381 -1.924561
v 1.391572 0.877381 -1.924562
v -1.216614 1.692579 -1.847993
v -1.057774 1.729624 -1.847993
v 1.232732 1.729624 -1.847993
v 0.829473 0.877381 -1.924562
v -0.654515 0.877381 -1.924561
v -1.302942 1.278742 -1.847993
v 1.477900 1.278742 -1.847994
v 0.087479 0.445986 -1.847993
v 0.087479 1.774282 -1.847993
v 1.391574 0.890001 1.953332
v -1.216613 1.567760 1.915049
v 1.391574 1.567760 1.915048
v -1.216613 0.890001 1.953333
v 0.829474 0.890001 1.953332
v -0.654513 0.890001 1.953333
v -1.068438 1.622737 1.867871
v 1.243399 1.622736 1.867870
v 1.477901 1.270652 1.915048
v -1.302940 1.270652 1.915049
v 0.087480 1.649463 1.915049
v 0.087480 0.446596 1.915048
v 1.391573 1.828499 1.322326
v -1.216613 0.890002 1.289511
v 1.391573 0.890001 1.289511
v -1.216613 1.828500 1.322327
v -1.067662 1.847581 1.322327
v 1.242623 1.847581 1.322326
v 0.829474 0.890001 1.289511
v -0.654514 0.890001 1.289511
v -1.302941 1.362453 1.322327
v 1.477901 1.362453 1.322326
v 0.087480 0.446597 1.322326
v 0.087480 1.938622 1.322326
v -0.455487 1.543934 -3.149934
v -0.399869 0.531481 3.439287
v -0.449879 2.028098 -1.025964
v -0.452585 2.020899 1.025965
v -0.449879 1.654046 -2.122002
v -0.453361 1.650059 1.943752
v -0.520415 1.849860 -1.573983
v -0.527597 1.765303 1.618688
v -0.569784 1.270081 -3.203495
v -0.399870 2.085366 0.135506
v -0.399870 2.033506 0.977854
v -0.399871 2.033506 -0.979210
v -0.399870 2.085366 0.076934
v -0.399870 2.085366 0.176389
v -0.399871 0.686417 -3.055414
v -0.477482 1.363758 3.450188
v -0.399871 0.435014 -1.025964
v -0.399870 0.435013 1.025965
v -0.399871 0.435014 -2.122003
v -0.399870 0.347084 2.211410
v -0.629202 0.445529 -1.573983
v -0.540206 0.445984 1.618687
v -0.430443 0.957821 3.608333
v -0.399870 0.435013 0.135505
v -0.399870 0.435013 0.977853
v -0.399871 0.435014 -0.979210
v -0.399870 0.435013 0.076934
v -0.399870 0.435013 0.176389
v -0.420314 0.435013 -0.451138
v -0.420290 0.435013 0.577121
v -0.399870 1.540677 2.266334
v -0.399870 0.347084 2.266334
v -0.399871 1.655055 -2.156393
v -0.399871 0.435014 -2.156393
v -0.485147 1.938979 -1.299973
v -0.629202 0.445986 -1.299974
v -0.485147 1.751953 -1.847993
v -0.629202 0.445987 -1.847993
v -0.490479 1.636099 1.891460
v -0.540205 0.446597 1.915048
v -0.490091 1.893101 1.322327
v -0.540206 0.446597 1.322326
v 0.574829 0.686417 -3.055414
v 0.652445 1.363758 3.450187
v 0.574830 0.435013 -1.025965
v 0.574830 0.435013 1.025964
v 0.574829 0.435014 -2.122003
v 0.574831 0.347084 2.211409
v 0.804160 0.445529 -1.573984
v 0.793181 0.445984 1.618687
v 0.605404 0.957821 3.608333
v 0.574830 0.435013 0.135505
v 0.574830 0.435013 0.925446
v 0.574830 0.435013 -0.979210
v 0.574830 0.435013 0.076933
v 0.574830 0.435013 0.228795
v 0.595273 0.435013 -0.451138
v 0.595250 0.435013 0.577121
v 0.630443 1.543936 -3.149934
v 0.574831 0.531481 3.439287
v 0.624838 2.028098 -1.025964
v 0.627546 2.020899 1.025965
v 0.624838 1.654046 -2.122003
v 0.628322 1.650059 1.943752
v 0.695374 1.849859 -1.573983
v 0.702558 1.765303 1.618687
v 0.744739 1.270079 -3.203496
v 0.574830 2.085366 0.135505
v 0.574830 2.033506 0.977853
v 0.574830 2.033506 -0.979210
v 0.574830 2.085366 0.076934
v 0.574830 2.085366 0.176389
v 0.574831 0.347084 2.266333
v 0.574831 1.540677 2.266334
v 0.574829 0.435014 -2.156394
v 0.574829 1.655055 -2.156393
v 0.804160 0.445986 -1.299974
v 0.660106 1.938979 -1.299974
v 0.804160 0.445986 -1.847994
v 0.660106 1.751953 -1.847993
v 0.793181 0.446596 1.915048
v 0.665440 1.636099 1.891459
v 0.793180 0.446597 1.322326
v 0.665052 1.893101 1.322326
v -0.998480 1.175122 3.366134
v -1.091509 0.569090 3.345073
v -0.887220 0.435012 3.407284
v 1.266471 0.569090 3.345073
v 1.062181 0.435012 3.407284
v -0.399869 0.435012 3.407284
v 1.173441 1.175121 3.366133
v 0.669259 1.192271 3.597416
v 1.111871 1.045513 3.566487
v -0.936910 1.045514 3.566487
v 0.574831 0.435012 3.407284
v 0.087481 0.435012 3.407284
v -0.494297 1.192272 3.597416
v -0.280454 1.192307 3.616498
v -0.936910 1.051120 3.547887
v -0.888753 0.537395 3.413144
v 1.111871 1.051120 3.547886
v 1.063714 0.537395 3.413144
v 0.087481 0.893209 3.642241
v 0.087481 0.536900 3.424329
v -0.430443 0.963427 3.589733
v -0.399869 0.537088 3.420687
v 0.605404 0.963427 3.589732
v 0.574831 0.537087 3.420686
v -1.103451 1.038706 3.407442
v -0.950642 0.536469 3.425697
v 1.125603 0.536469 3.425696
v 1.278413 1.038706 3.407441
v 1.366340 0.487042 2.804274
v -1.258926 1.450035 2.836809
v -0.918845 1.503319 2.836809
v 1.093807 1.503319 2.836808
v 1.093807 0.435012 2.836808
v -0.918846 0.435012 2.836809
v -1.348055 1.132583 2.799366
v 0.087481 0.435012 2.836808
v 0.087481 1.470949 2.836809
v 1.433887 1.450035 2.836808
v -1.191379 0.487042 2.804275
v 1.523016 1.132583 2.799365
v -0.415682 1.503319 2.836809
v -0.415682 0.435012 2.836809
v 0.590644 0.435012 2.836808
v 0.590644 1.503319 2.836808
v 1.446649 1.558141 -2.650894
v -1.216614 0.710838 -2.681651
v 1.526777 1.137682 -2.650894
v 1.391572 0.710838 -2.681652
v -1.271691 1.558142 -2.650893
v -0.887221 1.582976 -2.650893
v 1.062179 1.582976 -2.650894
v 1.062179 0.587283 -2.681652
v -0.887222 0.587283 -2.681651
v -1.351819 1.137682 -2.650893
v 0.087479 0.529891 -2.681652
v 0.087479 1.582976 -2.650893
v -0.399871 0.558738 -2.681651
v -0.399871 1.582976 -2.650893
v 0.574829 1.582976 -2.650894
v 0.574829 0.558738 -2.681652
v 1.391573 1.983306 -0.559002
v -1.216613 1.983306 -0.559001
v -0.887221 2.036590 -0.451137
v 1.062180 2.036590 -0.451138
v 1.395229 1.957162 -0.558944
v -1.220270 1.957162 -0.558943
v 1.360672 1.957162 -0.558944
v -1.185713 1.957162 -0.558943
v 0.087480 2.108136 -0.451138
v -0.399871 2.072363 -0.451138
v 0.574830 2.072362 -0.451138
v -1.216613 1.983306 0.406726
v -0.887220 2.036590 0.577122
v 1.062180 2.036589 0.577121
v 1.391573 1.983305 0.406725
v -1.220269 1.957162 0.406889
v 1.395229 1.957162 0.406888
v -1.185712 1.957162 0.406889
v 1.360672 1.957162 0.406888
v 0.087480 2.108135 0.577121
v -0.399870 2.072362 0.577121
v 0.574830 2.072362 0.577121
v -1.216612 1.360234 3.407284
v -0.887219 1.413518 3.407284
v -1.302940 1.115865 3.335685
v -0.846623 1.193775 3.554990
v -0.399869 1.413518 3.407284
v 0.419032 1.337483 3.449932
v -0.432131 1.142507 3.640243
v 0.455417 1.192307 3.616498
v 1.477902 1.115865 3.335684
v 1.391574 1.360234 3.407284
v 1.062181 1.413518 3.407284
v 0.574831 1.413518 3.407284
v 0.607093 1.142507 3.640243
v 1.021584 1.193775 3.554990
v 0.087481 1.381148 3.407284
v 0.087481 1.142507 3.663517
v -1.259776 1.238050 3.371485
v -1.259777 1.643158 1.072155
v 1.434738 1.238050 3.371484
v 1.434737 1.643157 1.072154
v 1.434738 1.290617 2.211410
v -1.259776 1.290617 2.211411
v -1.259777 1.547795 1.618688
v 1.434737 1.547795 1.618687
v -0.819264 1.278266 3.497888
v 0.994225 1.278265 3.497888
v 1.434737 1.643157 0.960418
v -1.259777 1.643158 0.960419
v 1.434737 1.643157 0.923760
v -1.259777 1.643158 0.923761
v 1.399136 1.643157 0.923760
v -1.224176 1.643158 0.923761
v 0.087481 1.261827 3.535401
v 1.434738 1.288202 2.264689
v -1.259776 1.288202 2.264690
v 1.434737 1.419206 1.915048
v -1.259777 1.419206 1.915049
v -1.259777 1.595477 1.322327
v 1.434737 1.595476 1.322326
v -0.485890 1.310925 3.576259
v 0.660852 1.310925 3.576259
v 1.478452 1.263126 2.818086
v -1.303490 1.263126 2.818087
v -0.984292 1.247937 3.408941
v -0.211677 1.264895 3.533215
v 1.159253 1.247936 3.408940
v 0.386640 1.264895 3.533215
v 0.087480 1.414116 1.073528
v 0.087480 0.435013 0.905367
v 0.611529 0.435013 1.164746
v -0.607730 1.539677 1.073528
v -0.625467 0.435013 1.082715
v 0.782691 1.374314 1.073528
v 1.361668 1.378735 1.824988
v 1.303551 1.400847 2.058538
v 0.081172 1.418537 1.824988
v -0.559076 1.481317 1.824989
v 0.078017 1.420748 2.058539
v -0.534750 1.452138 2.058539
v 0.721420 1.398636 1.824988
v 1.065550 0.435013 0.998464
v 0.690784 1.410797 2.058538
v 1.041544 1.388686 1.824988
v 1.130296 1.354413 1.073527
v 0.997168 1.405822 2.058538
v 1.103020 0.435013 0.577120
v 1.062180 0.435013 0.977853
v 0.574830 0.435013 0.977853
v 0.574830 0.435013 0.176388
v 1.062180 0.435013 0.176388
v 0.087480 0.435013 0.176389
v 0.087480 0.435013 0.577121
v 0.087480 0.435013 0.977853
v 1.197547 0.527479 0.782743
v 1.197547 0.947000 0.774571
v 1.197547 0.527479 0.065885
v 1.197547 0.973937 0.025731
v -1.012021 0.527479 0.782743
v -1.012021 0.947000 0.774572
v -1.012021 0.527479 0.065885
v -1.012021 0.973938 0.025732
v 1.197547 0.527479 0.278167
v 1.197547 0.980552 0.178596
v -1.012021 0.527479 0.278167
v -1.012021 0.980552 0.178597
v 1.197547 1.272194 0.156974
v -1.012021 0.527479 -0.000527
v 1.197547 0.527479 -0.000528
v -1.012021 1.272194 0.156975
v 1.197547 1.603783 -0.068536
v 1.197547 1.587265 -0.217503
v -1.012021 1.587266 -0.217503
v -1.012021 1.603784 -0.068536
v -1.170420 1.326302 -1.081428
v -1.216614 1.326302 -1.119409
v 1.391573 1.326301 -1.119410
v 1.345379 1.326301 -1.081429
v 1.062180 1.326301 -1.072655
v -0.887221 1.326302 -1.072655
v 0.574830 1.326301 -1.072655
v -0.399871 1.326301 -1.072655
v 0.087479 1.326301 -1.072655
v -1.014327 1.512017 -3.150280
v -0.989364 0.502051 3.376179
v -1.101926 1.973037 -1.025964
v -1.104632 1.965839 1.025965
v -1.101926 1.627404 -2.122002
v -1.105408 1.480254 2.164232
v -1.172462 1.794799 -1.573983
v -1.179644 1.710242 1.618688
v -1.051918 0.742254 -3.055414
v -1.051916 1.386876 3.407284
v -1.051917 0.435014 -1.025964
v -1.051917 0.435013 1.025965
v -1.051918 0.435014 -2.122003
v -1.051916 0.378302 2.211410
v -0.935564 1.012589 -1.573983
v -1.127341 1.129186 3.459892
v -1.134277 1.159540 -3.203132
v -1.051917 2.015597 0.026533
v -1.051917 0.435013 0.026533
v -1.051917 1.978445 0.914230
v -1.051917 0.435013 0.914229
v -1.028821 0.435014 -0.983596
v -1.051917 1.978446 -0.983596
v -1.051917 0.435013 -0.026543
v -1.051917 2.015597 -0.026543
v -1.051917 0.435013 0.069617
v -1.051917 2.015597 0.069618
v -1.099712 0.435013 -0.505070
v -1.099658 0.435013 0.491923
v -1.051916 1.534123 2.266334
v -1.049044 0.435628 2.264905
v -1.030628 1.628413 -2.156393
v -1.051918 0.539925 -2.156393
v -1.137194 1.883918 -1.299973
v -0.935564 0.871912 -1.223405
v -1.137194 1.711102 -1.847993
v -0.935564 0.877381 -1.924561
v -1.142526 1.595248 1.891460
v -0.935563 0.890001 1.953333
v -1.142138 1.838040 1.322327
v -0.935563 0.890001 1.289511
v -0.919697 0.531326 3.438021
v -1.020180 1.039307 3.496265
v -0.919697 0.536932 3.419421
v -1.020180 1.044913 3.477664
v -1.088886 1.476678 2.836809
v -1.055112 0.461027 2.820542
v -1.051918 0.649060 -2.681651
v -1.079456 1.570559 -2.650893
v -1.051917 2.009948 -0.505069
v -1.051917 2.009948 0.491924
v -0.881005 1.341754 3.446267
v -0.922551 1.184448 3.460562
v -0.901778 1.263101 3.453414
v -1.028821 1.326302 -1.077041
v 1.350474 0.527479 -0.230682
v 1.350474 0.947000 -0.307596
v 1.350474 0.527479 -0.956829
v 1.350474 0.973938 -0.956829
v -1.163854 0.527479 -0.230681
v -1.163854 0.947000 -0.307595
v -1.163854 0.527480 -0.956828
v -1.163854 0.973938 -0.956828
v 1.350474 0.527479 -0.529167
v 1.350474 0.980552 -0.751262
v -1.163854 0.527479 -0.529166
v -1.163854 0.980552 -0.751262
v 1.350474 1.272194 -0.872455
v -1.163854 0.527480 -0.807861
v 1.350474 0.527479 -0.807862
v -1.163854 1.272195 -0.872455
v 1.350474 1.603784 -0.970272
v 1.350474 1.587266 -1.163116
v -1.163854 1.587266 -1.163115
v -1.163854 1.603784 -0.970271
v 1.197547 0.527479 0.530455
v -1.012021 0.918187 0.476584
v 1.197547 0.918187 0.476584
v -1.012021 0.527479 0.530455
v -0.955336 1.437094 1.073528
v -0.921040 0.435013 1.040590
v -0.931009 1.435856 1.721838
v -0.897263 1.435672 1.986794
v -0.773253 0.435013 1.061653
v -0.781533 1.488385 1.073528
v -0.745042 1.458587 1.773414
v -0.716006 1.443905 2.022666
v -0.868434 1.462740 1.073528
v -0.838025 1.447221 1.747626
v -0.806635 1.439788 2.004730
v -0.847146 0.435013 1.051121
v -0.996314 1.520510 2.215283
v 1.226876 0.742254 -3.055415
v 1.226876 0.435013 -1.025965
v 1.226876 0.435014 -2.122003
v 1.110523 1.012589 -1.573984
v 1.189285 1.512018 -3.150280
v 1.276885 1.973037 -1.025964
v 1.279592 1.965838 1.025965
v 1.276884 1.627404 -2.122003
v 1.280368 1.542420 2.053991
v 1.347420 1.794798 -1.573984
v 1.354604 1.710242 1.618687
v 1.309234 1.159539 -3.203133
v 1.226877 1.997021 0.026533
v 1.226877 1.978445 0.914229
v 1.226876 1.978446 -0.983597
v 1.226877 1.997021 -0.026543
v 1.226877 1.997021 0.069617
v 1.226876 0.539925 -2.156394
v 1.205586 1.628413 -2.156394
v 1.110523 0.871912 -1.223406
v 1.312152 1.883918 -1.299974
v 1.110523 0.877381 -1.924562
v 1.312152 1.711101 -1.847993
v 1.317486 1.595248 1.891459
v 1.317098 1.838040 1.322326
v 1.254414 1.570558 -2.650894
v 1.226876 0.649060 -2.681652
v 1.226876 2.009948 -0.505070
v 1.226877 2.009947 0.491923
v -1.030628 1.541154 -3.145393
v -1.174034 1.514512 -3.145393
v -0.399871 1.575439 -3.145393
v -0.887222 1.567796 -3.145393
v -1.302942 1.115867 -3.208025
v -0.432133 1.142509 -3.208025
v -0.951745 1.142509 -3.208025
v -1.127343 1.129188 -3.208025
v 1.205585 1.541154 -3.145394
v 1.062179 1.567796 -3.145394
v 1.348992 1.514512 -3.145394
v 1.477900 1.115867 -3.208025
v 1.302301 1.129188 -3.208025
v 1.126702 1.142509 -3.208025
v 0.574829 1.575439 -3.145394
v 0.607090 1.142509 -3.208025
v 1.363448 1.520970 -3.072192
v -1.216614 0.785175 -3.000085
v 1.485135 1.119096 -3.125552
v 1.391572 0.785175 -3.000086
v -1.188490 1.520971 -3.072191
v -0.887222 1.570043 -3.072192
v 1.062179 1.570043 -3.072192
v 1.062179 0.671742 -3.000086
v -0.887222 0.671742 -3.000085
v -1.310178 1.119097 -3.125551
v 0.087479 0.663246 -3.000085
v 0.087479 1.570043 -3.072192
v -0.399871 0.667516 -3.000085
v -0.399871 1.576555 -3.072192
v 0.574829 1.576555 -3.072192
v 0.574829 0.667516 -3.000086
v -1.037856 1.545507 -3.072192
v -1.051918 0.728459 -3.000085
v 1.226876 0.728459 -3.000086
v 1.212814 1.545507 -3.072192
v 1.363448 1.653916 -3.162642
v 1.348992 1.647458 -3.192575
v -1.030628 1.674100 -3.204199
v -1.174034 1.647458 -3.192574
v 1.205585 1.674100 -3.204200
v 1.062179 1.700742 -3.209082
v -0.399871 1.708385 -3.214209
v -0.887222 1.700742 -3.209082
v 0.574829 1.708385 -3.214209
v 0.087479 1.700742 -3.214209
v -1.188491 1.653917 -3.162642
v -0.887222 1.702989 -3.146134
v 1.062179 1.702989 -3.146135
v 0.087479 1.702989 -3.141007
v -0.399871 1.709501 -3.141007
v 0.574829 1.709501 -3.141007
v -1.037856 1.678453 -3.151016
v 1.212813 1.678453 -3.151017
v -1.365172 0.862778 1.286230
v -1.301401 0.438707 0.995183
v -1.360860 1.088975 1.134505
v -1.360859 1.015757 2.123728
v -1.311763 0.412798 2.145439
v -1.365172 0.862778 1.950051
v -1.365172 0.985364 1.615406
v -1.438976 1.256133 1.615406
v -1.412731 1.205014 1.319045
v -1.412730 1.165767 1.911767
v 1.534227 1.139434 1.133837
v 1.480520 0.427820 0.996040
v 1.545518 0.867802 1.950908
v 1.480520 0.402326 2.208985
v 1.534228 0.978244 2.146251
v 1.545517 0.867802 1.287086
v 1.545517 0.990389 1.616263
v 1.573546 1.312033 1.616263
v 1.573546 1.161358 1.912624
v 1.573546 1.253160 1.319901
v -0.899878 0.511915 1.127089
v -1.311475 0.511915 1.235756
v -0.899878 0.415324 1.136602
v -1.311475 0.436524 1.243181
v -0.899878 0.322445 1.164777
v -1.311475 0.364030 1.265172
v -0.899878 0.236848 1.210530
v -1.311475 0.297220 1.300883
v -0.899878 0.161821 1.272103
v -1.311475 0.238659 1.348942
v -0.899878 0.100248 1.347130
v -1.311475 0.190601 1.407502
v -0.899878 0.054495 1.432727
v -1.311475 0.154890 1.474312
v -0.899878 0.026320 1.525606
v -1.311475 0.132899 1.546806
v -0.899878 0.016807 1.622197
v -1.311475 0.125473 1.622197
v -0.899878 0.026320 1.718787
v -1.311475 0.132899 1.697588
v -0.899878 0.054495 1.811666
v -1.311475 0.154890 1.770082
v -0.899878 0.100247 1.897264
v -1.311475 0.190600 1.836892
v -0.899878 0.161820 1.972291
v -1.311475 0.238659 1.895452
v -0.899878 0.236847 2.033864
v -1.311475 0.297219 1.943511
v -0.899878 0.322445 2.079617
v -1.311475 0.364030 1.979222
v -0.899878 0.415324 2.107791
v -1.311475 0.436524 2.001213
v -0.899878 0.511914 2.117305
v -1.311475 0.511915 2.008639
v -0.899878 0.608505 2.107791
v -1.311475 0.587305 2.001213
v -0.899878 0.701384 2.079617
v -1.311475 0.659799 1.979223
v -0.899878 0.786982 2.033864
v -1.311475 0.726610 1.943511
v -0.899878 0.862009 1.972291
v -1.311475 0.785170 1.895452
v -0.899878 0.923582 1.897264
v -1.311475 0.833229 1.836892
v -0.899878 0.969334 1.811667
v -1.311475 0.868940 1.770082
v -0.899878 0.997509 1.718788
v -1.311475 0.890931 1.697588
v -0.899878 1.007022 1.622197
v -1.311475 0.898356 1.622197
v -0.899878 0.997509 1.525606
v -1.311475 0.890931 1.546806
v -0.899878 0.969334 1.432727
v -1.311475 0.868940 1.474312
v -0.899878 0.923582 1.347130
v -1.311475 0.833229 1.407502
v -0.899878 0.862009 1.272103
v -1.311475 0.785170 1.348942
v -0.899878 0.786982 1.210530
v -1.311475 0.726610 1.300883
v -0.899878 0.701384 1.164777
v -1.311475 0.659799 1.265172
v -0.899878 0.608505 1.136602
v -1.311475 0.587306 1.243181
v 1.486277 0.436525 -1.954333
v 1.074680 0.415325 -2.060911
v 1.486277 0.364031 -1.932342
v 1.074680 0.322446 -2.032737
v 1.486277 0.297220 -1.896631
v 1.074680 0.236848 -1.986984
v 1.486277 0.238660 -1.848572
v 1.074680 0.161821 -1.925411
v 1.486277 0.190601 -1.790012
v 1.074680 0.100249 -1.850384
v 1.486277 0.154890 -1.723202
v 1.074680 0.054496 -1.764787
v 1.486277 0.132900 -1.650708
v 1.074680 0.026321 -1.671908
v 1.486277 0.125474 -1.575317
v 1.074680 0.016808 -1.575317
v 1.486277 0.132900 -1.499926
v 1.074680 0.026321 -1.478726
v 1.486277 0.154890 -1.427433
v 1.074680 0.054495 -1.385847
v 1.486277 0.190601 -1.360622
v 1.074680 0.100248 -1.300250
v 1.486277 0.238660 -1.302062
v 1.074680 0.161821 -1.225223
v 1.486277 0.297220 -1.254003
v 1.074680 0.236848 -1.163650
v 1.486277 0.364031 -1.218292
v 1.074680 0.322446 -1.117897
v 1.486277 0.436524 -1.196301
v 1.074680 0.415325 -1.089723
v 1.486277 0.511915 -1.188876
v 1.074680 0.511915 -1.080209
v -1.296530 0.571044 -1.872573
v -1.296530 0.627900 -1.855326
v -1.296530 0.680299 -1.827318
v -1.296530 0.726227 -1.789626
v -1.296530 0.763918 -1.743698
v -1.296530 0.791926 -1.691300
v -1.296529 0.809173 -1.634444
v -1.296529 0.814997 -1.575316
v -1.296529 0.809173 -1.516188
v -1.296529 0.791926 -1.459332
v -1.296529 0.763918 -1.406933
v -1.296529 0.726226 -1.361005
v -1.296530 0.680298 -1.323313
v -1.296530 0.627900 -1.295305
v -1.296529 0.571044 -1.278058
v -1.296529 0.511916 -1.272235
v -1.296529 0.452787 -1.278058
v -1.296530 0.395931 -1.295305
v -1.296530 0.343533 -1.323313
v -1.296530 0.297605 -1.361005
v -1.296530 0.259913 -1.406933
v -1.296530 0.231905 -1.459332
v -1.296530 0.214658 -1.516188
v -1.296530 0.208835 -1.575316
v -1.296530 0.214658 -1.634444
v -1.296530 0.231905 -1.691300
v -1.296530 0.259913 -1.743699
v -1.296530 0.297605 -1.789627
v -1.296530 0.343533 -1.827319
v -1.296530 0.395932 -1.855326
v -1.296530 0.511916 -1.878397
v -1.296530 0.452788 -1.872573
v -1.282481 0.567850 -1.856515
v -1.282481 0.621634 -1.840200
v -1.282481 0.671203 -1.813705
v -1.282481 0.714649 -1.778049
v -1.282481 0.750305 -1.734603
v -1.282481 0.776800 -1.685034
v -1.282481 0.793115 -1.631250
v -1.282481 0.798624 -1.575316
v -1.282481 0.793115 -1.519382
v -1.282481 0.776800 -1.465597
v -1.282481 0.750305 -1.416029
v -1.282481 0.714649 -1.372582
v -1.282481 0.671202 -1.336926
v -1.282481 0.621634 -1.310432
v -1.282481 0.567850 -1.294116
v -1.282481 0.511916 -1.288607
v -1.282481 0.455982 -1.294116
v -1.282481 0.402197 -1.310432
v -1.282481 0.352629 -1.336926
v -1.282481 0.309182 -1.372582
v -1.282481 0.273526 -1.416029
v -1.282481 0.247032 -1.465597
v -1.282481 0.230716 -1.519382
v -1.282481 0.225207 -1.575316
v -1.282481 0.230716 -1.631250
v -1.282481 0.247032 -1.685035
v -1.282481 0.273526 -1.734603
v -1.282481 0.309182 -1.778049
v -1.282481 0.352629 -1.813705
v -1.282481 0.402197 -1.840200
v -1.282481 0.511916 -1.862024
v -1.282481 0.455982 -1.856515
v -1.311476 0.608507 -2.060910
v -1.311476 0.701385 -2.032736
v -1.311476 0.786983 -1.986983
v -1.311476 0.862010 -1.925410
v -1.311476 0.923583 -1.850383
v -1.311476 0.969336 -1.764785
v -1.311476 0.997510 -1.671906
v -1.311476 1.007023 -1.575316
v -1.311476 0.997510 -1.478725
v -1.311476 0.969335 -1.385846
v -1.311476 0.923583 -1.300248
v -1.311476 0.862010 -1.225222
v -1.311476 0.786983 -1.163649
v -1.311476 0.701385 -1.117896
v -1.311476 0.608506 -1.089721
v -1.311476 0.511916 -1.080208
v -1.311476 0.415325 -1.089721
v -1.311476 0.322446 -1.117896
v -1.311476 0.236848 -1.163649
v -1.311476 0.161822 -1.225222
v -1.311476 0.100249 -1.300249
v -1.311476 0.054496 -1.385846
v -1.311476 0.026321 -1.478725
v -1.311476 0.016808 -1.575316
v -1.311476 0.026321 -1.671907
v -1.311476 0.054496 -1.764785
v -1.311476 0.100249 -1.850383
v -1.311476 0.161822 -1.925410
v -1.311476 0.236849 -1.986983
v -1.311476 0.322446 -2.032736
v -1.311476 0.511916 -2.070424
v -1.311476 0.415325 -2.060910
v -1.311476 0.587307 -1.954332
v -0.899879 0.608507 -2.060910
v -1.311476 0.659800 -1.932341
v -0.899879 0.701385 -2.032736
v -1.311476 0.726611 -1.896630
v -0.899879 0.786983 -1.986983
v -1.311476 0.785171 -1.848571
v -0.899879 0.862010 -1.925410
v -1.311476 0.833230 -1.790011
v -0.899879 0.923583 -1.850383
v -1.311476 0.868941 -1.723200
v -0.899879 0.969336 -1.764785
v -1.311476 0.890932 -1.650707
v -0.899879 0.997510 -1.671906
v -1.311476 0.898357 -1.575316
v -0.899879 1.007023 -1.575316
v -1.311476 0.890932 -1.499925
v -0.899879 0.997510 -1.478725
v -1.311476 0.868941 -1.427431
v -0.899879 0.969335 -1.385846
v -1.311476 0.833230 -1.360620
v -0.899879 0.923583 -1.300249
v -1.311476 0.785171 -1.302060
v -0.899879 0.862010 -1.225222
v -1.311476 0.726611 -1.254002
v -0.899879 0.786983 -1.163649
v -1.311476 0.659800 -1.218290
v -0.899879 0.701385 -1.117896
v -1.311476 0.587306 -1.196300
v -0.899879 0.608506 -1.089722
v -1.311476 0.511916 -1.188874
v -0.899879 0.511915 -1.080208
v -1.311476 0.436525 -1.196300
v -0.899879 0.415325 -1.089722
v -1.311476 0.364031 -1.218291
v -0.899879 0.322446 -1.117896
v -1.311476 0.297220 -1.254002
v -0.899879 0.236848 -1.163649
v -1.311476 0.238660 -1.302061
v -0.899879 0.161821 -1.225222
v -1.311476 0.190601 -1.360620
v -0.899879 0.100249 -1.300249
v -1.311476 0.154891 -1.427431
v -0.899879 0.054496 -1.385847
v -1.311476 0.132900 -1.499925
v -0.899879 0.026321 -1.478725
v -1.311476 0.125474 -1.575316
v -0.899879 0.016808 -1.575316
v -1.311476 0.132900 -1.650707
v -0.899879 0.026321 -1.671907
v -1.311476 0.154891 -1.723200
v -0.899879 0.054496 -1.764786
v -1.311476 0.190602 -1.790011
v -0.899879 0.100249 -1.850383
v -1.311476 0.238661 -1.848571
v -0.899879 0.161822 -1.925410
v -1.311476 0.297221 -1.896630
v -0.899879 0.236849 -1.986983
v -1.311476 0.364031 -1.932341
v -0.899879 0.322446 -2.032736
v -1.311476 0.436525 -1.954332
v -0.899879 0.415325 -2.060910
v -1.311476 0.511916 -1.961757
v -0.899879 0.511916 -2.070424
v -1.311475 0.415324 1.136603
v -1.311475 0.511915 1.127089
v -1.311475 0.322445 1.164777
v -1.311475 0.236848 1.210530
v -1.311475 0.161821 1.272103
v -1.311475 0.100248 1.347130
v -1.311475 0.054495 1.432727
v -1.311475 0.026320 1.525606
v -1.311475 0.016807 1.622197
v -1.311475 0.026320 1.718788
v -1.311475 0.054495 1.811667
v -1.311475 0.100247 1.897264
v -1.311475 0.161821 1.972291
v -1.311475 0.236847 2.033864
v -1.311475 0.322445 2.079617
v -1.311475 0.415324 2.107792
v -1.311475 0.511914 2.117305
v -1.311475 0.608505 2.107792
v -1.311475 0.701384 2.079617
v -1.311475 0.786982 2.033864
v -1.311475 0.862009 1.972291
v -1.311475 0.923582 1.897264
v -1.311475 0.969334 1.811667
v -1.311475 0.997509 1.718788
v -1.311475 1.007023 1.622197
v -1.311475 0.997509 1.525607
v -1.311475 0.969335 1.432728
v -1.311475 0.923582 1.347130
v -1.311475 0.862009 1.272103
v -1.311475 0.786982 1.210530
v -1.311475 0.701384 1.164777
v -1.311475 0.608506 1.136603
v -1.282480 0.455981 1.340998
v -1.282480 0.511915 1.335489
v -1.282480 0.402196 1.357313
v -1.282480 0.352628 1.383808
v -1.282480 0.309181 1.419464
v -1.282480 0.273525 1.462910
v -1.282480 0.247031 1.512478
v -1.282480 0.230715 1.566263
v -1.282480 0.225206 1.622197
v -1.282480 0.230715 1.678131
v -1.282480 0.247031 1.731916
v -1.282480 0.273525 1.781484
v -1.282480 0.309181 1.824931
v -1.282480 0.352628 1.860587
v -1.282480 0.402196 1.887081
v -1.282480 0.455981 1.903396
v -1.282480 0.511915 1.908906
v -1.282480 0.567849 1.903397
v -1.282480 0.621633 1.887081
v -1.282480 0.671201 1.860587
v -1.282480 0.714648 1.824931
v -1.282480 0.750304 1.781484
v -1.282480 0.776799 1.731916
v -1.282480 0.793114 1.678131
v -1.282480 0.798623 1.622197
v -1.282480 0.793114 1.566263
v -1.282480 0.776799 1.512479
v -1.282480 0.750304 1.462910
v -1.282480 0.714648 1.419464
v -1.282480 0.671201 1.383808
v -1.282480 0.621633 1.357313
v -1.282480 0.567849 1.340998
v -1.296529 0.452787 1.324940
v -1.296529 0.511915 1.319116
v -1.296529 0.395931 1.342187
v -1.296529 0.343532 1.370194
v -1.296529 0.297604 1.407886
v -1.296529 0.259912 1.453814
v -1.296529 0.231904 1.506213
v -1.296529 0.214657 1.563069
v -1.296529 0.208834 1.622197
v -1.296528 0.214657 1.681325
v -1.296528 0.231904 1.738181
v -1.296528 0.259912 1.790580
v -1.296528 0.297604 1.836508
v -1.296528 0.343532 1.874200
v -1.296528 0.395930 1.902208
v -1.296528 0.452786 1.919455
v -1.296528 0.511915 1.925278
v -1.296528 0.571043 1.919455
v -1.296528 0.627899 1.902208
v -1.296528 0.680297 1.874200
v -1.296528 0.726225 1.836508
v -1.296528 0.763917 1.790580
v -1.296528 0.791925 1.738181
v -1.296528 0.809172 1.681325
v -1.296528 0.814996 1.622197
v -1.296528 0.809172 1.563069
v -1.296528 0.791925 1.506213
v -1.296528 0.763917 1.453814
v -1.296528 0.726225 1.407887
v -1.296529 0.680298 1.370194
v -1.296529 0.627899 1.342187
v -1.296529 0.571043 1.324940
v 1.074680 0.511916 -2.070425
v 1.486277 0.511916 -1.961758
v 1.074680 0.608506 -2.060911
v 1.486277 0.587307 -1.954333
v 1.074680 0.701385 -2.032737
v 1.486277 0.659800 -1.932342
v 1.074680 0.786983 -1.986984
v 1.486277 0.726611 -1.896631
v 1.074680 0.862010 -1.925411
v 1.486277 0.785171 -1.848572
v 1.074680 0.923583 -1.850384
v 1.486277 0.833230 -1.790012
v 1.074680 0.969335 -1.764786
v 1.486277 0.868941 -1.723202
v 1.074680 0.997510 -1.671907
v 1.486277 0.890931 -1.650708
v 1.074680 1.007023 -1.575317
v 1.486277 0.898357 -1.575317
v 1.074680 0.997510 -1.478726
v 1.486277 0.890931 -1.499926
v 1.074680 0.969335 -1.385847
v 1.486277 0.868941 -1.427432
v 1.074680 0.923582 -1.300249
v 1.486277 0.833230 -1.360622
v 1.074680 0.862009 -1.225223
v 1.486277 0.785171 -1.302062
v 1.074680 0.786982 -1.163650
v 1.486277 0.726611 -1.254003
v 1.074680 0.701385 -1.117897
v 1.486277 0.659800 -1.218292
v 1.074680 0.608506 -1.089722
v 1.486277 0.587306 -1.196301
v 1.471331 0.571042 1.919454
v 1.471331 0.627898 1.902207
v 1.471331 0.680297 1.874199
v 1.471331 0.726225 1.836507
v 1.471331 0.763917 1.790579
v 1.471331 0.791925 1.738180
v 1.471331 0.809172 1.681324
v 1.471331 0.814996 1.622196
v 1.471331 0.809172 1.563068
v 1.471331 0.791925 1.506212
v 1.471331 0.763917 1.453813
v 1.471331 0.726225 1.407885
v 1.471331 0.680297 1.370193
v 1.471331 0.627899 1.342185
v 1.471331 0.571043 1.324938
v 1.471331 0.511915 1.319115
v 1.471331 0.452786 1.324938
v 1.471331 0.395930 1.342185
v 1.471331 0.343532 1.370193
v 1.471331 0.297604 1.407885
v 1.471331 0.259912 1.453813
v 1.471331 0.231904 1.506212
v 1.471331 0.214657 1.563068
v 1.471331 0.208833 1.622196
v 1.471331 0.214657 1.681324
v 1.471331 0.231904 1.738180
v 1.471331 0.259912 1.790579
v 1.471331 0.297604 1.836506
v 1.471331 0.343532 1.874199
v 1.471331 0.395930 1.902206
v 1.471331 0.511914 1.925277
v 1.471331 0.452786 1.919454
v 1.457283 0.567848 1.903395
v 1.457283 0.621633 1.887080
v 1.457283 0.671201 1.860585
v 1.457283 0.714648 1.824929
v 1.457283 0.750304 1.781483
v 1.457283 0.776798 1.731915
v 1.457283 0.793114 1.678130
v 1.457283 0.798623 1.622196
v 1.457283 0.793114 1.566262
v 1.457283 0.776799 1.512478
v 1.457283 0.750304 1.462909
v 1.457283 0.714648 1.419463
v 1.457283 0.671201 1.383807
v 1.457283 0.621633 1.357312
v 1.457283 0.567849 1.340997
v 1.457283 0.511915 1.335487
v 1.457283 0.455980 1.340997
v 1.457283 0.402196 1.357312
v 1.457283 0.352628 1.383807
v 1.457283 0.309181 1.419462
v 1.457283 0.273525 1.462909
v 1.457283 0.247030 1.512477
v 1.457283 0.230715 1.566262
v 1.457283 0.225206 1.622196
v 1.457283 0.230715 1.678130
v 1.457283 0.247030 1.731915
v 1.457283 0.273525 1.781483
v 1.457283 0.309181 1.824929
v 1.457283 0.352628 1.860585
v 1.457283 0.402196 1.887080
v 1.457283 0.511914 1.908904
v 1.457283 0.455980 1.903395
v 1.486278 0.608505 2.107790
v 1.486278 0.701384 2.079616
v 1.486278 0.786981 2.033863
v 1.486278 0.862008 1.972290
v 1.486278 0.923581 1.897263
v 1.486278 0.969334 1.811666
v 1.486278 0.997509 1.718787
v 1.486278 1.007022 1.622196
v 1.486278 0.997509 1.525605
v 1.486278 0.969334 1.432727
v 1.486278 0.923581 1.347129
v 1.486277 0.862009 1.272102
v 1.486277 0.786982 1.210529
v 1.486277 0.701384 1.164776
v 1.486278 0.608505 1.136601
v 1.486278 0.511915 1.127088
v 1.486278 0.415324 1.136601
v 1.486278 0.322445 1.164776
v 1.486278 0.236847 1.210529
v 1.486278 0.161820 1.272102
v 1.486278 0.100247 1.347129
v 1.486278 0.054495 1.432726
v 1.486278 0.026320 1.525605
v 1.486278 0.016807 1.622196
v 1.486278 0.026320 1.718786
v 1.486278 0.054494 1.811665
v 1.486278 0.100247 1.897263
v 1.486278 0.161820 1.972290
v 1.486278 0.236847 2.033863
v 1.486278 0.322445 2.079616
v 1.486278 0.511914 2.117304
v 1.486278 0.415324 2.107790
v 1.486278 0.587305 2.001212
v 1.074681 0.608505 2.107791
v 1.486278 0.659799 1.979221
v 1.074681 0.701384 2.079616
v 1.486278 0.726610 1.943510
v 1.074681 0.786981 2.033863
v 1.486278 0.785170 1.895451
v 1.074681 0.862008 1.972290
v 1.486278 0.833229 1.836891
v 1.074681 0.923581 1.897263
v 1.486278 0.868940 1.770081
v 1.074681 0.969334 1.811666
v 1.486278 0.890930 1.697587
v 1.074681 0.997509 1.718787
v 1.486278 0.898356 1.622196
v 1.074681 1.007022 1.622196
v 1.486278 0.890930 1.546805
v 1.074681 0.997509 1.525605
v 1.486278 0.868940 1.474311
v 1.074681 0.969334 1.432727
v 1.486278 0.833229 1.407501
v 1.074681 0.923581 1.347129
v 1.486278 0.785170 1.348941
v 1.074681 0.862009 1.272102
v 1.486278 0.726610 1.300882
v 1.074681 0.786982 1.210529
v 1.486277 0.659799 1.265171
v 1.074681 0.701384 1.164776
v 1.486278 0.587305 1.243180
v 1.074681 0.608505 1.136602
v 1.486278 0.511915 1.235755
v 1.074681 0.511915 1.127088
v 1.486278 0.436524 1.243180
v 1.074681 0.415324 1.136601
v 1.486278 0.364030 1.265171
v 1.074681 0.322445 1.164776
v 1.486278 0.297219 1.300882
v 1.074681 0.236847 1.210529
v 1.486278 0.238659 1.348941
v 1.074681 0.161820 1.272102
v 1.486278 0.190600 1.407501
v 1.074681 0.100247 1.347129
v 1.486278 0.154889 1.474311
v 1.074681 0.054495 1.432726
v 1.486278 0.132899 1.546805
v 1.074681 0.026320 1.525605
v 1.486278 0.125473 1.622196
v 1.074681 0.016807 1.622196
v 1.486278 0.132899 1.697587
v 1.074681 0.026320 1.718787
v 1.486278 0.154889 1.770080
v 1.074681 0.054494 1.811665
v 1.486278 0.190600 1.836891
v 1.074681 0.100247 1.897263
v 1.486278 0.238659 1.895451
v 1.074681 0.161820 1.972290
v 1.486278 0.297219 1.943510
v 1.074681 0.236847 2.033863
v 1.486278 0.364030 1.979221
v 1.074681 0.322445 2.079616
v 1.486278 0.436523 2.001212
v 1.074681 0.415324 2.107791
v 1.486278 0.511914 2.008637
v 1.074681 0.511914 2.117304
v 1.486277 0.415325 -1.089723
v 1.486277 0.511915 -1.080209
v 1.486277 0.322446 -1.117897
v 1.486277 0.236848 -1.163650
v 1.486277 0.161821 -1.225223
v 1.486277 0.100248 -1.300250
v 1.486277 0.054496 -1.385847
v 1.486277 0.026321 -1.478726
v 1.486277 0.016808 -1.575317
v 1.486277 0.026321 -1.671908
v 1.486277 0.054496 -1.764787
v 1.486277 0.100248 -1.850384
v 1.486277 0.161821 -1.925411
v 1.486277 0.236849 -1.986984
v 1.486277 0.322446 -2.032737
v 1.486277 0.415325 -2.060911
v 1.486277 0.511916 -2.070425
v 1.486277 0.608506 -2.060911
v 1.486277 0.701385 -2.032737
v 1.486277 0.786983 -1.986984
v 1.486277 0.862010 -1.925411
v 1.486277 0.923583 -1.850384
v 1.486277 0.969335 -1.764786
v 1.486277 0.997510 -1.671907
v 1.486277 1.007023 -1.575317
v 1.486277 0.997510 -1.478726
v 1.486277 0.969335 -1.385847
v 1.486277 0.923582 -1.300250
v 1.486277 0.862009 -1.225223
v 1.486277 0.786982 -1.163650
v 1.486277 0.701385 -1.117897
v 1.486277 0.608506 -1.089723
v 1.457282 0.455981 -1.294118
v 1.457282 0.511915 -1.288608
v 1.457282 0.402197 -1.310433
v 1.457282 0.352629 -1.336927
v 1.457282 0.309182 -1.372583
v 1.457282 0.273526 -1.416030
v 1.457282 0.247031 -1.465599
v 1.457282 0.230716 -1.519383
v 1.457282 0.225207 -1.575317
v 1.457282 0.230716 -1.631251
v 1.457282 0.247031 -1.685036
v 1.457282 0.273526 -1.734604
v 1.457282 0.309182 -1.778051
v 1.457282 0.352629 -1.813707
v 1.457282 0.402197 -1.840201
v 1.457282 0.455982 -1.856516
v 1.457282 0.511916 -1.862025
v 1.457282 0.567850 -1.856516
v 1.457282 0.621634 -1.840201
v 1.457282 0.671202 -1.813706
v 1.457282 0.714649 -1.778050
v 1.457282 0.750305 -1.734604
v 1.457282 0.776800 -1.685035
v 1.457282 0.793115 -1.631251
v 1.457282 0.798624 -1.575317
v 1.457282 0.793115 -1.519383
v 1.457282 0.776800 -1.465598
v 1.457282 0.750305 -1.416030
v 1.457282 0.714649 -1.372583
v 1.457282 0.671202 -1.336927
v 1.457282 0.621634 -1.310433
v 1.457282 0.567849 -1.294118
v 1.471331 0.452787 -1.278059
v 1.471331 0.511915 -1.272236
v 1.471330 0.395931 -1.295307
v 1.471330 0.343533 -1.323314
v 1.471330 0.297605 -1.361006
v 1.471330 0.259913 -1.406934
v 1.471330 0.231905 -1.459333
v 1.471330 0.214658 -1.516189
v 1.471330 0.208834 -1.575317
v 1.471330 0.214658 -1.634445
v 1.471330 0.231905 -1.691301
v 1.471330 0.259913 -1.743700
v 1.471330 0.297605 -1.789628
v 1.471330 0.343533 -1.827320
v 1.471330 0.395931 -1.855327
v 1.471330 0.452787 -1.872574
v 1.471330 0.511916 -1.878398
v 1.471330 0.571044 -1.872574
v 1.471330 0.627900 -1.855327
v 1.471330 0.680298 -1.827320
v 1.471330 0.726226 -1.789628
v 1.471330 0.763918 -1.743700
v 1.471330 0.791926 -1.691301
v 1.471331 0.809173 -1.634445
v 1.471331 0.814997 -1.575317
v 1.471331 0.809173 -1.516189
v 1.471331 0.791926 -1.459333
v 1.471331 0.763918 -1.406934
v 1.471331 0.726226 -1.361006
v 1.471330 0.680298 -1.323314
v 1.471330 0.627900 -1.295306
v 1.471331 0.571044 -1.278059
v 1.280480 0.704396 2.086887
v 1.280480 0.791354 2.040407
v 1.280480 0.867573 1.977855
v 1.280480 0.930125 1.901636
v 1.280480 0.976605 1.814677
v 1.280480 1.005228 1.720322
v 1.280479 1.014892 1.622196
v 1.280479 1.005228 1.524070
v 1.280479 0.976605 1.429715
v 1.280479 0.930125 1.342757
v 1.280479 0.867574 1.266537
v 1.280479 0.791354 1.203985
v 1.280479 0.704396 1.157505
v 1.280479 0.610041 1.128883
v 1.280479 0.511915 1.119218
v 1.280479 0.413789 1.128882
v 1.280479 0.319433 1.157505
v 1.280479 0.232475 1.203985
v 1.280479 0.156255 1.266537
v 1.280479 0.093704 1.342756
v 1.280479 0.047223 1.429714
v 1.280479 0.018601 1.524070
v 1.280479 0.008937 1.622196
v 1.280479 0.018601 1.720322
v 1.280479 0.047223 1.814677
v 1.280479 0.093704 1.901635
v 1.280479 0.156255 1.977855
v 1.280480 0.232475 2.040406
v 1.280480 0.319433 2.086887
v 1.280480 0.413788 2.115510
v 1.280480 0.511914 2.125174
v 1.280480 0.610040 2.115510
v -1.105677 0.511915 1.119217
v -1.105677 0.413788 1.128881
v -1.105677 0.319433 1.157504
v -1.105677 0.232474 1.203984
v -1.105677 0.156254 1.266536
v -1.105677 0.093702 1.342756
v -1.105677 0.047222 1.429715
v -1.105677 0.018599 1.524070
v -1.105677 0.008935 1.622197
v -1.105677 0.018599 1.720323
v -1.105677 0.047222 1.814679
v -1.105677 0.093702 1.901638
v -1.105677 0.156254 1.977858
v -1.105676 0.232474 2.040409
v -1.105676 0.319432 2.086890
v -1.105676 0.413788 2.115513
v -1.105676 0.511914 2.125177
v -1.105676 0.610041 2.115513
v -1.105676 0.704397 2.086890
v -1.105676 0.791355 2.040410
v -1.105676 0.867575 1.977858
v -1.105676 0.930127 1.901638
v -1.105676 0.976608 1.814679
v -1.105676 1.005230 1.720324
v -1.105677 1.014895 1.622197
v -1.105677 1.005230 1.524071
v -1.105677 0.976608 1.429715
v -1.105677 0.930127 1.342757
v -1.105677 0.867575 1.266536
v -1.105677 0.791356 1.203984
v -1.105677 0.704397 1.157504
v -1.105677 0.610041 1.128882
v -1.105678 0.704398 -2.040009
v -1.105678 0.791357 -1.993528
v -1.105678 0.867576 -1.930976
v -1.105678 0.930128 -1.854756
v -1.105678 0.976609 -1.767798
v -1.105678 1.005231 -1.673442
v -1.105677 1.014896 -1.575316
v -1.105677 1.005231 -1.477189
v -1.105677 0.976609 -1.382834
v -1.105677 0.930128 -1.295875
v -1.105677 0.867576 -1.219655
v -1.105677 0.791356 -1.157103
v -1.105677 0.704398 -1.110623
v -1.105677 0.610042 -1.082000
v -1.105677 0.511916 -1.072336
v -1.105677 0.413789 -1.082000
v -1.105677 0.319433 -1.110623
v -1.105677 0.232475 -1.157103
v -1.105677 0.156255 -1.219656
v -1.105678 0.093703 -1.295875
v -1.105678 0.047223 -1.382834
v -1.105678 0.018600 -1.477189
v -1.105678 0.008936 -1.575316
v -1.105678 0.018600 -1.673443
v -1.105678 0.047223 -1.767798
v -1.105678 0.093703 -1.854757
v -1.105678 0.156255 -1.930976
v -1.105678 0.232475 -1.993528
v -1.105678 0.319434 -2.040009
v -1.105678 0.413789 -2.068631
v -1.105678 0.511916 -2.078296
v -1.105678 0.610042 -2.068631
v 1.280478 0.511915 -1.072337
v 1.280479 0.413789 -1.082002
v 1.280479 0.319433 -1.110624
v 1.280479 0.232475 -1.157104
v 1.280479 0.156255 -1.219657
v 1.280479 0.093703 -1.295877
v 1.280479 0.047222 -1.382835
v 1.280479 0.018600 -1.477191
v 1.280479 0.008935 -1.575317
v 1.280479 0.018600 -1.673444
v 1.280479 0.047223 -1.767799
v 1.280479 0.093703 -1.854758
v 1.280479 0.156255 -1.930977
v 1.280479 0.232475 -1.993530
v 1.280478 0.319433 -2.040010
v 1.280478 0.413789 -2.068632
v 1.280478 0.511916 -2.078297
v 1.280478 0.610042 -2.068632
v 1.280479 0.704398 -2.040010
v 1.280479 0.791356 -1.993529
v 1.280479 0.867576 -1.930977
v 1.280478 0.930128 -1.854757
v 1.280478 0.976608 -1.767799
v 1.280478 1.005231 -1.673443
v 1.280478 1.014895 -1.575317
v 1.280478 1.005231 -1.477190
v 1.280478 0.976608 -1.382835
v 1.280478 0.930128 -1.295876
v 1.280479 0.867576 -1.219656
v 1.280479 0.791356 -1.157104
v 1.280479 0.704397 -1.110624
v 1.280478 0.610042 -1.082002
vn 0.9933 -0.0081 -0.1149
vn 0.9713 0.1481 -0.1861
vn 0.9720 0.1231 -0.2002
vn 0.9934 0.0011 -0.1147
vn -0.0198 0.1584 -0.9872
vn -0.9579 0.2869 0.0131
vn -0.9654 0.2608 0.0062
vn -0.9617 0.2554 0.0997
vn -0.9546 0.2825 0.0944
vn 0.2955 0.4307 0.8528
vn 0.1668 0.6627 0.7301
vn 0.2495 0.1528 0.9563
vn 0.5436 0.2173 0.8107
vn -0.3864 -0.9083 0.1603
vn 0.1551 0.9743 0.1634
vn 0.2254 0.9348 -0.2744
vn 0.6587 0.7243 -0.2037
vn 0.3326 0.9361 -0.1142
vn 0.1825 0.9780 -0.1010
vn 0.1741 0.9827 0.0626
vn 0.1724 0.9839 0.0470
vn 0.1491 0.9887 0.0160
vn 0.1527 0.9877 0.0325
vn -0.0000 -0.4118 -0.9113
vn -0.0000 -1.0000 -0.0000
vn -0.9987 -0.0008 -0.0506
vn -0.6587 0.7243 -0.2037
vn -0.3326 0.9361 -0.1142
vn -0.9948 -0.0442 0.0920
vn -0.9904 0.1385 -0.0000
vn 0.9822 0.1855 0.0295
vn 0.9833 0.1742 0.0533
vn 0.9856 0.1614 0.0505
vn 0.9869 0.1580 0.0329
vn 0.9904 0.1385 -0.0000
vn -0.9883 0.0185 -0.1513
vn -0.5973 0.7308 -0.3304
vn -0.7194 0.6155 -0.3219
vn -0.9899 -0.0198 -0.1407
vn -0.0441 -0.2480 -0.9678
vn 0.1722 0.9285 -0.3290
vn 0.5973 0.7308 -0.3304
vn 0.7194 0.6155 -0.3219
vn 0.1816 0.9300 -0.3196
vn 0.9998 -0.0046 0.0184
vn 0.6398 0.7293 -0.2422
vn 0.9899 -0.0198 -0.1407
vn 0.9562 0.2915 -0.0281
vn 0.9595 0.2804 -0.0279
vn 0.9534 0.2892 0.0863
vn 0.9544 0.2908 0.0672
vn 0.2833 0.8776 0.3868
vn -0.0321 -0.4583 -0.8882
vn -0.9532 0.2772 0.1203
vn -0.9542 0.2729 0.1225
vn -0.9534 0.2892 0.0863
vn -0.9544 0.2908 0.0672
vn 0.9987 -0.0008 -0.0506
vn 0.6644 0.7160 -0.2142
vn 0.9966 0.0733 -0.0373
vn -0.9998 -0.0046 0.0184
vn -0.6398 0.7293 -0.2422
vn -0.6644 0.7160 -0.2142
vn -0.9966 0.0733 -0.0373
vn -0.0000 -0.9330 0.3598
vn 0.2224 0.9241 -0.3107
vn 0.2560 0.9214 -0.2924
vn -0.9818 0.1874 0.0318
vn -0.9833 0.1742 0.0533
vn -0.9708 0.2277 0.0754
vn -0.9672 0.2431 0.0735
vn -0.0000 -0.9371 0.3490
vn 0.1200 0.9168 0.3808
vn 0.9532 0.2772 0.1203
vn 0.9542 0.2729 0.1225
vn 0.9708 0.2277 0.0754
vn 0.9672 0.2431 0.0735
vn -0.1201 0.9173 0.3797
vn 0.0724 0.9191 0.3872
vn 0.0726 0.9183 0.3892
vn 0.0646 0.9164 0.3951
vn 0.0652 0.9105 0.4083
vn -0.8776 -0.4101 -0.2484
vn -0.2224 0.9241 -0.3107
vn -0.1287 0.9388 -0.3195
vn -0.1749 0.9390 -0.2961
vn -0.2560 0.9214 -0.2924
vn 0.0362 0.9399 -0.3394
vn 0.1287 0.9388 -0.3195
vn 0.1749 0.9390 -0.2961
vn 0.0552 0.9457 -0.3204
vn -0.9987 -0.0498 0.0107
vn 0.0311 -0.4445 -0.8953
vn -0.4477 -0.5464 -0.7078
vn -0.3559 0.8588 0.3685
vn 0.0193 0.9962 0.0845
vn 0.0414 0.9762 0.2128
vn -0.0260 0.8547 -0.5184
vn -0.0155 0.9977 0.0666
vn -0.1722 0.9285 -0.3290
vn -0.0177 0.9977 0.0651
vn -0.1259 0.9443 -0.3041
vn -0.1816 0.9300 -0.3196
vn 0.0053 0.9994 -0.0335
vn 0.0177 0.9977 0.0651
vn 0.1259 0.9443 -0.3041
vn 0.0136 0.9939 -0.1092
vn 0.0735 -0.4129 -0.9078
vn -0.0394 -0.8288 -0.5581
vn -0.5754 -0.5909 -0.5655
vn -0.1741 0.9827 0.0626
vn -0.1043 0.9818 0.1585
vn -0.1280 0.9738 0.1882
vn -0.1527 0.9877 0.0325
vn 0.0662 0.9919 0.1089
vn 0.1043 0.9818 0.1585
vn 0.1280 0.9738 0.1882
vn 0.0683 0.9496 0.3059
vn -0.2254 0.9348 -0.2744
vn -0.1386 0.9481 -0.2863
vn -0.1390 0.9867 -0.0841
vn -0.1825 0.9780 -0.1010
vn 0.0607 0.9515 -0.3017
vn 0.1386 0.9481 -0.2863
vn 0.1390 0.9867 -0.0841
vn 0.0608 0.9830 -0.1734
vn -0.1551 0.9744 0.1627
vn -0.0000 0.9878 0.1555
vn 0.3806 -0.9178 0.1128
vn -0.4817 0.1875 0.8560
vn -0.2636 0.2451 0.9329
vn -0.1739 0.7106 0.6818
vn -0.2972 0.5338 0.7917
vn -0.0015 0.7159 0.6982
vn -0.0282 0.8406 0.5410
vn 0.0189 0.1515 -0.9883
vn -0.0219 0.1715 -0.9849
vn -0.0000 -0.3173 -0.9483
vn 0.0433 -0.3465 -0.9371
vn 0.0038 0.9574 0.2886
vn 0.1405 -0.9480 -0.2857
vn 0.9541 0.2337 0.1873
vn 0.8597 0.4611 0.2200
vn 0.9637 0.2171 0.1552
vn 0.8771 0.0074 0.4803
vn 0.1619 -0.9248 0.3444
vn -0.9698 -0.1733 0.1716
vn -0.9774 -0.2105 0.0176
vn 0.9833 -0.1422 -0.1138
vn 0.9774 -0.2105 0.0176
vn -0.4811 0.0756 -0.8734
vn -0.9491 0.2658 -0.1689
vn -0.8762 0.0396 -0.4803
vn -0.5708 0.0585 -0.8190
vn 0.9859 -0.1468 0.0804
vn 0.9965 0.0818 0.0151
vn 0.5789 -0.0285 0.8149
vn 0.9698 -0.1733 0.1716
vn 0.9881 -0.1531 0.0160
vn -0.9651 -0.1538 -0.2117
vn -0.9881 -0.1531 0.0160
vn 0.9429 -0.2046 -0.2628
vn 0.9834 -0.1193 0.1365
vn 0.9948 -0.0442 0.0920
vn 0.8715 -0.3570 -0.3361
vn 0.8959 0.4395 0.0649
vn 0.8379 0.5389 0.0866
vn -0.9926 -0.1042 0.0626
vn -0.9929 -0.1037 0.0590
vn -0.9954 -0.0955 -0.0000
vn -0.9833 -0.1422 -0.1138
vn -0.8715 -0.3570 -0.3361
vn 0.1000 -0.9527 -0.2871
vn -0.9712 -0.2330 0.0498
vn -0.9985 0.0414 0.0357
vn -0.9450 -0.0731 0.3187
vn -0.7957 -0.3154 0.5171
vn -0.0508 -0.4067 -0.9121
vn 0.9529 -0.2948 -0.0708
vn 0.9534 -0.2933 -0.0707
vn 0.9954 -0.0955 -0.0000
vn 0.0844 0.9964 -0.0123
vn 0.1635 0.9865 -0.0032
vn 0.1746 0.9846 -0.0000
vn 0.0881 0.9961 -0.0000
vn -0.2393 0.9709 0.0017
vn -0.1208 0.9927 -0.0065
vn -0.1237 0.9923 -0.0000
vn -0.2572 0.9663 -0.0000
vn 0.2441 0.9697 0.0116
vn 0.2466 0.9687 0.0286
vn 0.2648 0.9643 -0.0000
vn 0.9954 -0.0957 -0.0088
vn 0.9921 -0.1056 0.0681
vn 0.9928 -0.1044 0.0583
vn -0.9951 -0.0989 -0.0033
vn -0.9950 -0.0996 0.0032
vn 0.0732 0.9953 0.0640
vn 0.1346 0.9897 0.0481
vn -0.1957 0.9801 0.0346
vn -0.1264 0.9906 0.0525
vn -0.0000 -0.9970 0.0771
vn 0.1954 0.9804 0.0236
vn 0.1874 0.9823 -0.0013
vn 0.1590 0.9872 -0.0132
vn 0.1592 0.9871 0.0147
vn -0.9429 -0.2046 -0.2628
vn 0.6330 -0.0807 -0.7699
vn -0.0000 0.8167 0.5770
vn -0.0892 0.9941 -0.0619
vn -0.1592 0.9871 0.0147
vn 0.0892 0.9941 -0.0619
vn 0.0631 0.9966 -0.0534
vn -0.9834 -0.1193 0.1365
vn 0.9934 -0.1116 -0.0263
vn 0.9935 -0.1114 -0.0229
vn -0.0000 -0.9968 0.0802
vn 0.1873 0.9821 -0.0180
vn 0.1857 0.9824 -0.0183
vn -0.0000 -0.1219 -0.9925
vn -0.1854 0.9823 -0.0276
vn -0.1121 0.9930 -0.0374
vn 0.0732 0.9961 -0.0488
vn 0.1293 0.9911 -0.0326
vn -0.9934 -0.1116 -0.0263
vn -0.9935 -0.1114 -0.0229
vn -0.9866 -0.1043 0.1255
vn 0.2350 0.9718 -0.0189
vn 0.2289 0.9733 -0.0176
vn -0.1240 0.9922 0.0100
vn -0.2258 0.9742 -0.0060
vn 0.1557 0.9878 0.0034
vn 0.0844 0.9963 0.0162
vn -0.0000 -0.0606 -0.9982
vn 0.9951 -0.0989 -0.0033
vn 0.9950 -0.0996 0.0032
vn 0.9889 -0.0849 -0.1222
vn -0.9912 0.1318 -0.0098
vn -0.9660 0.2266 0.1245
vn 0.9913 0.1314 0.0101
vn 0.9650 0.2290 -0.1276
vn -0.9913 0.1314 -0.0101
vn -0.9648 0.2301 0.1275
vn 0.9912 0.1319 0.0098
vn 0.9666 0.2239 -0.1246
vn 0.9648 0.2301 0.1275
vn -0.9650 0.2290 -0.1276
vn -0.0000 1.0000 -0.0000
vn -0.0000 0.0155 0.9999
vn -0.0000 0.1322 0.9912
vn -0.0000 -0.9970 -0.0771
vn -0.0000 -0.9968 -0.0802
vn -0.0000 -0.3615 -0.9324
vn 0.9866 -0.1043 0.1255
vn 0.9660 0.2266 0.1245
vn -0.9666 0.2239 -0.1246
vn -0.9889 -0.0849 -0.1222
vn -0.0881 0.9961 -0.0000
vn -0.0000 0.9998 0.0206
vn -0.0844 0.9963 0.0162
vn -0.0732 0.9961 -0.0488
vn -0.0000 0.9985 -0.0555
vn -0.0000 0.9999 -0.0157
vn -0.0844 0.9964 -0.0123
vn -0.0608 0.9830 -0.1734
vn -0.0000 0.9892 -0.1467
vn -0.0000 0.9986 -0.0528
vn -0.0631 0.9966 -0.0534
vn 0.0308 -0.1042 -0.9941
vn -0.0732 0.9953 0.0640
vn -0.0000 0.9974 0.0727
vn -0.0000 0.9950 0.0996
vn -0.0662 0.9919 0.1089
vn -0.9521 0.2929 0.0883
vn -0.0011 0.1444 -0.9895
vn 0.0015 0.7159 0.6982
vn 0.0282 0.8406 0.5410
vn 0.1638 0.8544 0.4931
vn 0.1352 0.7061 0.6950
vn 0.0644 0.9859 0.1543
vn -0.0607 0.9515 -0.3017
vn -0.0000 0.9535 -0.3015
vn -0.0000 0.9764 0.2161
vn -0.0683 0.9496 0.3059
vn -0.0000 -0.9992 -0.0400
vn -0.0053 0.9994 -0.0335
vn -0.0000 0.9986 -0.0531
vn -0.0000 0.9820 -0.1890
vn -0.0136 0.9939 -0.1092
vn -0.0193 0.9962 0.0845
vn -0.0000 0.9474 0.3199
vn -0.0000 0.9784 0.2069
vn 0.0155 0.9977 0.0666
vn -0.0719 -0.9752 -0.2093
vn -0.0000 -1.0000 -0.0017
vn -0.0362 0.9399 -0.3394
vn -0.0000 0.9314 -0.3639
vn -0.0000 0.9438 -0.3305
vn -0.0552 0.9457 -0.3204
vn -0.0000 -1.0000 -0.0021
vn -0.0724 0.9191 0.3872
vn -0.0000 0.9224 0.3862
vn -0.0000 0.9073 0.4205
vn -0.0652 0.9105 0.4083
vn 0.0535 0.9441 0.3252
vn -0.1776 -0.9841 -0.0000
vn -0.7723 -0.0735 0.6310
vn -0.9484 0.2454 0.2008
vn -0.9965 0.0818 0.0151
vn -0.9859 -0.1468 0.0804
vn 0.9712 -0.2330 0.0498
vn 0.9985 0.0414 0.0357
vn -0.0411 -0.9304 0.3643
vn 0.1605 -0.6691 0.7256
vn -0.0101 0.9601 0.2794
vn -0.4264 0.8776 0.2192
vn 0.9579 0.2869 0.0131
vn 0.9654 0.2608 0.0062
vn 0.3940 0.8695 0.2978
vn -0.1492 -0.6203 0.7700
vn -0.9595 0.2804 -0.0279
vn -0.9562 0.2915 -0.0281
vn -0.0000 0.9895 -0.1442
vn 0.0290 -0.9786 -0.2036
vn 0.9883 0.0185 -0.1513
vn 0.9651 -0.1538 -0.2117
vn -0.9693 -0.2458 -0.0061
vn -0.9998 -0.0098 -0.0198
vn -0.0748 -0.9742 -0.2130
vn 0.3371 -0.9223 -0.1888
vn -0.1147 0.9857 -0.1238
vn 0.1152 0.9897 -0.0845
vn -0.3367 -0.9214 -0.1942
vn -0.9706 0.2407 0.0086
vn -0.0000 -1.0000 0.0017
vn -0.9987 -0.0500 -0.0112
vn -0.0000 -0.9281 -0.3724
vn -0.0000 -0.9992 0.0400
vn -0.5780 -0.5861 0.5678
vn -0.0000 -0.4076 0.9132
vn -0.0000 -1.0000 0.0021
vn 0.2865 -0.4064 -0.8676
vn -0.1394 -0.9298 -0.3406
vn -0.1796 0.9004 0.3963
vn -0.8776 -0.4114 0.2460
vn -0.0000 -0.9390 -0.3440
vn 0.1756 0.8956 0.4087
vn -0.0000 -0.9992 0.0391
vn 0.9097 0.4082 -0.0761
vn 0.9231 0.3238 -0.2075
vn 0.8677 0.0747 -0.4914
vn 0.9458 0.2999 -0.1247
vn -0.9075 0.4163 0.0568
vn -0.8551 0.4733 0.2115
vn -0.9544 0.2344 0.1848
vn -0.8938 0.4441 0.0628
vn -0.4942 -0.6260 0.6032
vn 0.0264 -0.5153 0.8566
vn -0.1160 0.9175 0.3806
vn 0.1160 0.9172 0.3812
vn -0.0528 -0.5148 0.8557
vn -0.9865 0.1600 0.0353
vn -0.9856 0.1614 0.0505
vn -0.0726 0.9183 0.3892
vn -0.0646 0.9164 0.3951
vn -0.0414 0.9762 0.2128
vn -0.0290 -0.9786 -0.2036
vn 0.1776 -0.9841 -0.0000
vn 0.0101 0.9601 0.2794
vn 0.0260 0.8547 -0.5184
vn -0.1405 -0.9480 -0.2857
vn 0.0011 0.1444 -0.9895
vn 0.0770 -0.9765 -0.2013
vn 0.5645 -0.6269 0.5369
vn 0.9974 -0.0712 -0.0138
vn 0.5780 -0.5861 0.5678
vn 0.9987 -0.0500 -0.0112
vn 0.0748 -0.9742 -0.2130
vn -0.0535 0.9441 0.3252
vn 0.0411 -0.9304 0.3643
vn 0.9974 -0.0712 0.0139
vn 0.9987 -0.0498 0.0107
vn 0.5161 -0.5530 -0.6541
vn 0.0394 -0.8288 -0.5581
vn 0.5754 -0.5909 -0.5655
vn 0.0219 0.1715 -0.9849
vn -0.6330 -0.0807 -0.7699
vn -0.0038 0.9574 0.2886
vn -0.1352 0.7061 0.6950
vn -0.1638 0.8544 0.4931
vn -0.0644 0.9859 0.1543
vn -0.5321 -0.2859 0.7969
vn -0.4862 -0.5928 0.6420
vn -0.3935 -0.4985 0.7725
vn -0.1913 -0.3440 0.9193
vn -0.1265 -0.3229 0.9379
vn -0.4242 -0.5926 0.6848
vn 0.2376 -0.4458 0.8630
vn 0.4491 -0.4559 0.7684
vn 0.7946 -0.2904 0.5332
vn 0.1595 -0.3925 0.9058
vn -0.0055 -0.3061 0.9520
vn 0.5384 -0.2567 0.8027
vn 0.9456 -0.0648 0.3189
vn 0.3363 -0.2689 0.9026
vn 0.0909 -0.1204 0.9886
vn 0.0935 -0.1290 0.9872
vn 0.3568 -0.2766 0.8923
vn -0.5516 -0.3272 0.7673
vn -0.5428 -0.3599 0.7589
vn -0.0000 -0.3312 0.9436
vn 0.0055 -0.3061 0.9520
vn -0.0000 -0.0787 0.9969
vn -0.0909 -0.1204 0.9886
vn -0.0935 -0.1290 0.9872
vn -0.3412 -0.2400 0.9088
vn -0.3625 -0.2452 0.8992
vn 0.0746 -0.3123 0.9471
vn -0.4653 -0.2292 0.8550
vn 0.4709 -0.1919 0.8611
vn -0.0810 -0.4443 0.8922
vn -0.0746 -0.3123 0.9471
vn 0.0810 -0.4443 0.8922
vn 0.3002 -0.9133 -0.2753
vn -0.3002 -0.9133 -0.2753
vn 0.9521 0.2929 0.0883
vn 0.0018 0.9575 0.2886
vn 0.0442 0.9565 0.2883
vn -0.1000 -0.9527 -0.2871
vn -0.0442 0.9565 0.2883
vn -0.0018 0.9575 0.2886
vn -0.0651 0.9957 0.0661
vn 0.0431 -0.9926 0.1138
vn 0.0882 -0.9931 0.0778
vn 0.0202 0.9963 0.0836
vn 0.9546 0.2825 0.0944
vn 0.9617 0.2554 0.0997
vn 0.0651 0.9957 0.0661
vn -0.0882 -0.9931 0.0778
vn -0.0431 -0.9926 0.1138
vn 0.2355 -0.9710 0.0418
vn -0.0202 0.9963 0.0836
vn -0.1566 0.9836 0.0896
vn 0.2689 0.9631 0.0117
vn -0.2350 -0.9715 0.0306
vn 0.0322 -0.9564 -0.2902
vn -0.0067 0.9997 -0.0230
vn -0.0317 -0.9343 -0.3552
vn -0.9933 -0.0081 -0.1149
vn -0.9713 0.1481 -0.1861
vn -0.3301 -0.9176 -0.2215
vn 0.1067 0.9903 -0.0889
vn -0.1070 0.9930 -0.0500
vn 0.0067 0.9997 -0.0230
vn 0.3290 -0.9145 -0.2353
vn -0.0322 -0.9564 -0.2902
vn -0.9529 -0.2948 -0.0708
vn 0.0317 -0.9343 -0.3552
vn 0.9998 -0.0098 -0.0198
vn 0.9693 -0.2458 -0.0061
vn 0.9706 0.2407 0.0086
vn -0.9913 0.1314 0.0101
vn 0.9913 0.1314 -0.0101
vn 0.9912 0.1317 -0.0098
vn -0.9912 0.1319 0.0098
vn -0.0737 0.4921 0.8674
vn -0.0667 -0.3561 0.9321
vn -0.2952 0.9238 0.2439
vn 0.0457 0.5583 0.8284
vn -0.0483 0.5460 0.8364
vn -0.0045 0.7401 0.6725
vn -0.0101 0.6040 0.7969
vn -0.0886 0.6025 0.7932
vn 0.1646 -0.3268 0.9307
vn 0.0717 0.4825 0.8730
vn 0.0101 0.6040 0.7969
vn 0.0886 0.6025 0.7932
vn 0.2560 0.9465 0.1965
vn -0.0089 0.7389 0.6737
vn -0.0457 0.5583 0.8284
vn 0.0483 0.5460 0.8364
vn 0.1396 0.9897 0.0316
vn 0.0557 0.0601 -0.9966
vn -0.1180 -0.7867 0.6059
vn 0.0779 0.9954 -0.0562
vn 0.1902 0.8723 -0.4504
vn 0.0045 0.7401 0.6725
vn 0.0667 -0.3561 0.9321
vn 0.0089 0.7389 0.6737
vn -0.1646 -0.3268 0.9307
vn -0.0861 0.4505 0.8886
vn 0.0473 0.4192 0.9066
vn -0.4602 0.4295 0.7770
vn -0.0473 0.4192 0.9066
vn -0.9252 0.3708 -0.0809
vn 0.0861 0.4505 0.8886
vn 0.9909 0.1341 0.0145
vn 0.4713 0.3110 0.8253
vn -0.6638 0.1854 0.7245
vn 0.6607 0.2392 0.7115
vn 0.0529 0.9127 -0.4051
vn -0.2108 0.9749 0.0716
vn -0.2333 -0.5700 0.7878
vn 0.2087 0.0206 -0.9778
vn 0.0650 -0.7685 0.6365
vn 0.0382 0.9107 -0.4113
vn -0.2613 -0.8933 0.3658
vn -0.1179 0.0765 -0.9901
vn -0.1076 0.9890 0.1017
vn 0.0748 0.9957 0.0541
vn 0.0237 0.9966 -0.0785
vn 0.0238 0.9993 -0.0290
vn -0.2027 0.0172 -0.9791
vn -0.0180 0.8840 -0.4671
vn 0.0447 0.9989 -0.0171
vn 0.0139 -0.5137 0.8578
vn 0.0052 0.0828 -0.9965
vn 0.0238 0.9980 -0.0588
vn -0.0157 0.8239 -0.5666
vn 0.0446 0.9984 -0.0345
vn 0.5723 -0.5108 0.6415
vn 1.0000 -0.0000 -0.0000
vn 0.8072 0.2060 0.5532
vn 0.8426 -0.1269 -0.5234
vn 0.4782 0.8194 -0.3160
vn -0.8426 -0.1269 -0.5234
vn -0.4782 0.8194 -0.3160
vn -0.4993 -0.8664 -0.0000
vn -0.6140 0.7884 0.0381
vn -0.4319 0.8670 0.2483
vn -0.4757 -0.8234 0.3093
vn 0.4319 0.8670 0.2483
vn 0.4757 -0.8234 0.3093
vn 0.4993 -0.8664 -0.0000
vn 0.6140 0.7884 0.0381
vn -0.8072 0.2060 0.5532
vn 0.8158 0.4922 0.3038
vn -0.8158 0.4922 0.3038
vn -1.0000 -0.0000 -0.0000
vn -0.4149 0.8901 0.1886
vn 0.4149 0.8901 0.1886
vn -0.5553 0.7178 -0.4200
vn 0.5553 0.7178 -0.4200
vn 0.0560 -0.9671 -0.2480
vn -0.0223 -0.9873 -0.1574
vn -0.0000 -0.9870 -0.1605
vn -0.0308 -0.1042 -0.9941
vn -0.0000 -0.1043 -0.9945
vn 0.9490 0.2008 0.2430
vn 0.5824 0.6350 0.5076
vn -0.2449 -0.9532 -0.1775
vn -0.6567 -0.0258 0.7537
vn -0.5186 -0.0807 0.8512
vn -0.2259 0.9609 0.1603
vn -0.0695 0.4715 0.8791
vn -0.3184 0.9479 -0.0112
vn -0.2255 0.9742 0.0120
vn -0.1590 0.9872 -0.0132
vn -0.2037 0.9786 -0.0274
vn -0.1067 0.9903 -0.0889
vn -0.3290 -0.9145 -0.2353
vn -0.2360 -0.9703 0.0527
vn -0.3708 0.9287 0.0023
vn -0.4759 -0.1536 0.8660
vn -0.0000 -0.5012 0.8653
vn -0.1160 0.9172 0.3812
vn -0.1756 0.8956 0.4087
vn -0.3371 -0.9223 -0.1888
vn -0.1152 0.9897 -0.0845
vn -0.1723 -0.7207 0.6715
vn -0.5052 0.8567 -0.1042
vn -0.3612 0.9325 -0.0000
vn -0.3109 0.9503 0.0164
vn -0.1724 0.9839 0.0470
vn -0.0433 -0.3465 -0.9371
vn -0.1803 -0.1858 0.9659
vn -0.1551 0.9742 0.1641
vn -0.1491 0.9887 0.0160
vn -0.2151 0.8874 0.4076
vn -0.1200 0.9168 0.3808
vn -0.0302 -0.4313 -0.9017
vn -0.0735 -0.4129 -0.9078
vn -0.3742 -0.9250 0.0661
vn -0.0189 0.1515 -0.9883
vn 0.8303 0.1865 0.5252
vn 0.8466 -0.0879 -0.5249
vn 0.4751 -0.8245 -0.3075
vn -0.8466 -0.0879 -0.5249
vn -0.4751 -0.8245 -0.3075
vn -0.7922 0.5685 0.2221
vn -0.5096 0.7917 0.3370
vn -0.4815 -0.8139 0.3250
vn 0.5096 0.7917 0.3370
vn 0.4815 -0.8139 0.3250
vn 0.7922 0.5685 0.2221
vn -0.8303 0.1865 0.5252
vn -0.4297 0.8728 0.2313
vn 0.4297 0.8728 0.2313
vn -0.5369 0.7443 -0.3971
vn 0.5369 0.7443 -0.3971
vn -0.0743 0.9964 -0.0406
vn -0.1529 0.9776 -0.1448
vn -0.1957 0.9798 -0.0409
vn 0.0607 0.0289 -0.9977
vn 0.0652 0.0010 -0.9979
vn -0.0969 0.9938 0.0550
vn -0.0508 0.9004 -0.4320
vn -0.2072 0.9774 0.0423
vn -0.2044 0.9787 0.0209
vn -0.0754 0.9237 -0.3757
vn -0.0901 0.9956 0.0258
vn 0.0626 0.0173 -0.9979
vn 0.3301 -0.9176 -0.2215
vn 0.1070 0.9930 -0.0500
vn 0.1160 0.9175 0.3806
vn 0.1796 0.9004 0.3963
vn 0.1147 0.9857 -0.1238
vn 0.3367 -0.9214 -0.1942
vn 0.0508 -0.4067 -0.9121
vn 0.0198 0.1584 -0.9872
vn 0.0441 -0.2480 -0.9678
vn 0.1201 0.9173 0.3797
vn 0.3622 0.8798 0.3077
vn -0.0280 0.1466 -0.9888
vn -0.0021 0.1493 -0.9888
vn -0.0202 0.1618 -0.9866
vn -0.0058 0.0528 -0.9986
vn -0.0095 0.1476 -0.9890
vn 0.0731 0.1470 -0.9864
vn -0.0269 0.1479 -0.9886
vn -0.0123 0.1526 -0.9882
vn 0.0269 0.1479 -0.9886
vn 0.0202 0.1618 -0.9866
vn 0.0123 0.1526 -0.9882
vn 0.0021 0.1494 -0.9888
vn 0.0058 0.0528 -0.9986
vn -0.0731 0.1470 -0.9864
vn 0.0280 0.1466 -0.9888
vn 0.0095 0.1476 -0.9890
vn -0.0948 0.4959 0.8632
vn 0.3152 -0.9225 -0.2227
vn -0.3142 -0.9194 -0.2366
vn -0.0072 -0.4597 -0.8881
vn 0.0110 0.4730 0.8810
vn 0.0041 -0.9347 -0.3554
vn -0.9534 -0.2933 -0.0707
vn -0.9934 0.0011 -0.1147
vn -0.0041 -0.9569 -0.2903
vn 0.3142 -0.9194 -0.2366
vn -0.0061 0.4597 0.8881
vn -0.0110 0.4730 0.8810
vn 0.0311 -0.3701 -0.9285
vn -0.3152 -0.9225 -0.2227
vn -0.9720 0.1231 -0.2002
vn -0.0041 -0.9347 -0.3554
vn 0.0948 0.4959 0.8632
vn 0.0072 -0.4597 -0.8881
vn 0.0041 -0.9569 -0.2903
vn 0.1711 0.9830 -0.0665
vn -0.1690 0.9708 -0.1704
vn 0.0145 0.9996 -0.0230
vn 0.0145 0.9996 -0.0247
vn -0.1711 0.9830 -0.0665
vn 0.1690 0.9708 -0.1704
vn -0.0145 0.9996 -0.0247
vn -0.0145 0.9996 -0.0230
vn -0.1192 0.5332 0.8375
vn 0.0622 -0.4176 -0.9065
vn 0.1192 0.5332 0.8375
vn 0.0061 0.4597 0.8881
vn 0.9588 -0.1307 -0.2524
vn -0.0622 -0.4176 -0.9065
vn -0.0023 -0.4460 -0.8950
vn -0.0311 -0.3701 -0.9285
vn -0.9588 -0.1307 -0.2524
vn 0.0023 -0.4460 -0.8950
vn -0.9878 -0.1048 -0.1149
vn -0.9684 0.2154 -0.1256
vn -0.9794 -0.2019 -0.0084
vn -0.9892 -0.1208 0.0828
vn -0.9145 -0.0009 0.4046
vn -0.7307 -0.0627 0.6798
vn 0.1768 -0.9242 -0.3385
vn 0.0320 -0.5502 0.8344
vn 0.9937 -0.0838 0.0744
vn 0.9962 -0.0867 -0.0085
vn 0.9910 -0.0554 -0.1215
vn 0.5582 0.0642 -0.8272
vn 0.5318 -0.0134 0.8467
vn -0.0748 -0.4737 -0.8775
vn 0.4521 0.0792 -0.8885
vn -0.0489 -0.5421 0.8389
vn -0.1286 -0.9293 0.3461
vn -0.0000 -0.0000 -1.0000
vn -0.0382 -0.0000 -0.9993
vn -0.0382 -0.1959 -0.9799
vn -0.0000 -0.1974 -0.9803
vn -0.0382 -0.3843 -0.9224
vn -0.0000 -0.3870 -0.9221
vn -0.0382 -0.5579 -0.8290
vn -0.0000 -0.5615 -0.8275
vn -0.0382 -0.7101 -0.7031
vn -0.0000 -0.7139 -0.7003
vn -0.0382 -0.8347 -0.5494
vn -0.0000 -0.8381 -0.5456
vn -0.0382 -0.9264 -0.3745
vn -0.0000 -0.9289 -0.3704
vn -0.0382 -0.9815 -0.1877
vn -0.0000 -0.9828 -0.1849
vn -0.0382 -0.9993 -0.0000
vn -0.0382 -0.9815 0.1877
vn -0.0000 -0.9828 0.1849
vn -0.0382 -0.9264 0.3745
vn -0.0000 -0.9289 0.3704
vn -0.0382 -0.8347 0.5494
vn -0.0000 -0.8381 0.5456
vn -0.0382 -0.7101 0.7031
vn -0.0000 -0.7139 0.7003
vn -0.0382 -0.5579 0.8290
vn -0.0000 -0.5615 0.8275
vn -0.0382 -0.3843 0.9224
vn -0.0000 -0.3870 0.9221
vn -0.0382 -0.1959 0.9799
vn -0.0000 -0.1974 0.9803
vn -0.0382 -0.0000 0.9993
vn -0.0000 -0.0000 1.0000
vn -0.0382 0.1959 0.9799
vn -0.0000 0.1974 0.9803
vn -0.0382 0.3843 0.9224
vn -0.0000 0.3870 0.9221
vn -0.0382 0.5579 0.8290
vn -0.0000 0.5615 0.8275
vn -0.0382 0.7101 0.7031
vn -0.0000 0.7139 0.7003
vn -0.0382 0.8347 0.5494
vn -0.0000 0.8381 0.5456
vn -0.0382 0.9264 0.3745
vn -0.0000 0.9289 0.3704
vn -0.0382 0.9815 0.1877
vn -0.0000 0.9828 0.1849
vn -0.0382 0.9993 -0.0000
vn -0.0382 0.9815 -0.1877
vn -0.0000 0.9828 -0.1849
vn -0.0382 0.9264 -0.3745
vn -0.0000 0.9289 -0.3704
vn -0.0382 0.8347 -0.5494
vn -0.0000 0.8381 -0.5456
vn -0.0382 0.7101 -0.7031
vn -0.0000 0.7139 -0.7003
vn -0.0382 0.5579 -0.8290
vn -0.0000 0.5615 -0.8275
vn -0.0382 0.3843 -0.9224
vn -0.0000 0.3870 -0.9221
vn -0.9842 -0.1564 0.0836
vn -0.0382 0.1959 -0.9799
vn -0.0000 0.1974 -0.9803
vn -0.7574 0.3078 0.5759
vn -0.9842 0.1125 -0.1371
vn -0.9842 -0.1697 0.0515
vn -0.9842 0.1371 -0.1125
vn -0.9842 -0.1765 0.0174
vn -0.9842 0.1564 -0.0836
vn -0.9842 -0.1765 -0.0174
vn -0.9842 0.1697 -0.0515
vn -0.9842 -0.1697 -0.0515
vn -0.9842 0.1765 -0.0174
vn -0.9842 -0.1564 -0.0836
vn -0.9842 0.1765 0.0174
vn -0.9842 -0.1371 -0.1125
vn -0.9842 0.1697 0.0515
vn -0.9842 -0.1125 -0.1371
vn -0.9842 0.1564 0.0836
vn -0.9842 -0.0836 -0.1564
vn -0.9842 -0.0174 0.1765
vn -0.9842 0.1371 0.1125
vn -0.9842 -0.0515 -0.1697
vn -0.9842 -0.0515 0.1697
vn -0.9842 0.1125 0.1371
vn -0.9842 -0.0174 -0.1765
vn -0.9842 -0.0836 0.1564
vn -0.9842 0.0836 0.1564
vn -0.9842 0.0174 -0.1765
vn -0.9842 -0.1125 0.1371
vn -0.9842 0.0515 0.1697
vn -0.9842 0.0515 -0.1697
vn -0.9842 -0.1371 0.1125
vn -0.7574 0.0640 0.6498
vn -0.9842 0.0174 0.1765
vn -0.7574 0.1896 0.6249
vn -0.7574 0.4143 0.5048
vn -0.9842 0.0836 -0.1564
vn -0.7574 0.5048 0.4143
vn -0.7574 0.5759 0.3078
vn -0.7574 0.6249 0.1896
vn -0.7574 0.6498 0.0640
vn -0.7574 0.6498 -0.0640
vn -0.7574 0.6249 -0.1896
vn -0.7574 0.5759 -0.3078
vn -0.7574 0.5048 -0.4143
vn -0.7574 0.4143 -0.5048
vn -0.7574 0.3078 -0.5759
vn -0.7574 0.1896 -0.6249
vn -0.7574 0.0640 -0.6498
vn -0.7574 -0.0640 -0.6498
vn -0.7574 -0.1896 -0.6249
vn -0.7574 -0.3078 -0.5759
vn -0.7574 -0.4143 -0.5048
vn -0.7574 -0.5048 -0.4143
vn -0.7574 -0.5759 -0.3078
vn -0.7574 -0.6249 -0.1896
vn -0.7574 -0.6498 -0.0640
vn -0.7574 -0.6498 0.0640
vn -0.7574 -0.6249 0.1896
vn -0.7574 -0.5759 0.3078
vn -0.7574 -0.5048 0.4143
vn -0.7574 -0.4143 0.5048
vn -0.7574 -0.3078 0.5759
vn -0.7574 -0.1896 0.6249
vn -0.7574 -0.0640 0.6498
vn -0.7574 0.5048 -0.4142
vn -0.7574 0.4142 -0.5048
vn -0.7574 -0.4142 -0.5048
vn 0.0382 -0.0000 0.9993
vn 0.0382 -0.1959 0.9799
vn 0.0382 -0.3843 0.9224
vn 0.0382 -0.5579 0.8290
vn 0.0382 -0.7101 0.7031
vn 0.0382 -0.8347 0.5494
vn 0.0382 -0.9264 0.3745
vn 0.0382 -0.9815 0.1877
vn 0.0382 -0.9993 -0.0000
vn 0.0382 -0.9815 -0.1877
vn 0.0382 -0.9264 -0.3745
vn 0.0382 -0.8347 -0.5494
vn 0.0382 -0.7101 -0.7031
vn 0.0382 -0.5579 -0.8290
vn 0.0382 -0.3843 -0.9224
vn 0.0382 -0.1959 -0.9799
vn 0.0382 -0.0000 -0.9993
vn 0.0382 0.1959 -0.9799
vn 0.0382 0.3843 -0.9224
vn 0.0382 0.5579 -0.8290
vn 0.0382 0.7101 -0.7031
vn 0.0382 0.8347 -0.5494
vn 0.0382 0.9264 -0.3745
vn 0.0382 0.9815 -0.1877
vn 0.0382 0.9993 -0.0000
vn 0.0382 0.9815 0.1877
vn 0.0382 0.9264 0.3745
vn 0.0382 0.8347 0.5494
vn 0.0382 0.7101 0.7031
vn 0.0382 0.5579 0.8290
vn 0.0382 0.3843 0.9224
vn 0.9842 -0.1564 -0.0836
vn 0.0382 0.1959 0.9799
vn 0.7574 0.3078 -0.5759
vn 0.9842 0.1125 0.1371
vn 0.9842 -0.1697 -0.0515
vn 0.9842 0.1371 0.1125
vn 0.9842 -0.1765 -0.0174
vn 0.9842 0.1564 0.0836
vn 0.9842 -0.1765 0.0174
vn 0.9842 0.1697 0.0515
vn 0.9842 -0.1697 0.0515
vn 0.9842 0.1765 0.0174
vn 0.9842 -0.1564 0.0836
vn 0.9842 0.1765 -0.0174
vn 0.9842 -0.1371 0.1125
vn 0.9842 0.1697 -0.0515
vn 0.9842 -0.1125 0.1371
vn 0.9842 0.1564 -0.0836
vn 0.9842 -0.0836 0.1564
vn 0.9842 -0.0174 -0.1765
vn 0.9842 0.1371 -0.1125
vn 0.9842 -0.0515 0.1697
vn 0.9842 -0.0515 -0.1697
vn 0.9842 0.1125 -0.1371
vn 0.9842 -0.0174 0.1765
vn 0.9842 -0.0836 -0.1564
vn 0.9842 0.0836 -0.1564
vn 0.9842 0.0174 0.1765
vn 0.9842 -0.1125 -0.1371
vn 0.9842 0.0515 -0.1697
vn 0.9842 0.0515 0.1697
vn 0.9842 -0.1371 -0.1125
vn 0.7574 0.0640 -0.6499
vn 0.9842 0.0174 -0.1765
vn 0.7574 0.1896 -0.6249
vn 0.7574 0.4143 -0.5048
vn 0.9842 0.0836 0.1564
vn 0.7574 0.0640 -0.6498
vn 0.7574 0.1895 -0.6249
vn 0.7574 0.5048 -0.4143
vn 0.7574 0.5759 -0.3078
vn 0.7574 0.6249 -0.1896
vn 0.7574 0.6498 -0.0640
vn 0.7574 0.6498 0.0640
vn 0.7574 0.6249 0.1896
vn 0.7574 0.5759 0.3078
vn 0.7574 0.5048 0.4143
vn 0.7574 0.4143 0.5048
vn 0.7574 0.3078 0.5759
vn 0.7574 0.1896 0.6249
vn 0.7574 0.0640 0.6498
vn 0.7574 -0.0640 0.6498
vn 0.7574 -0.1896 0.6249
vn 0.7574 -0.3078 0.5759
vn 0.7574 -0.4143 0.5048
vn 0.7574 -0.5048 0.4143
vn 0.7574 -0.5759 0.3078
vn 0.7574 -0.6249 0.1896
vn 0.7574 -0.6499 0.0640
vn 0.7574 -0.6499 -0.0640
vn 0.7574 -0.6249 -0.1896
vn 0.7574 -0.5759 -0.3078
vn 0.7574 -0.5048 -0.4143
vn 0.7574 -0.4143 -0.5048
vn 0.7574 -0.3078 -0.5759
vn 0.7574 -0.1896 -0.6249
vn 0.7574 -0.0640 -0.6498
vn 0.7574 0.6499 -0.0640
vn 0.7574 0.6499 0.0640
vn 0.7574 0.0640 0.6499
vn 0.7574 -0.0640 0.6499
vn 0.7574 -0.1895 0.6249
vn 0.7574 -0.0640 -0.6499
vt 0.500000 0.247679
vt 0.625000 0.247679
vt 0.625000 0.250000
vt 0.500000 0.250000
vt 0.509591 0.461820
vt 0.614955 0.451582
vt 0.614591 0.483831
vt 0.509818 0.486646
vt 0.562500 0.736247
vt 0.625000 0.736247
vt 0.625000 0.750000
vt 0.562500 0.750000
vt 0.562856 0.917691
vt 0.601618 0.915567
vt 0.597062 0.974118
vt 0.561950 0.975522
vt 0.333333 0.736247
vt 0.375000 0.736247
vt 0.375000 0.750000
vt 0.333333 0.750000
vt 0.791667 0.736247
vt 0.875000 0.736247
vt 0.875000 0.750000
vt 0.791667 0.750000
vt 0.833333 0.570735
vt 0.875000 0.570735
vt 0.875000 0.583333
vt 0.833333 0.583333
vt 0.833333 0.664713
vt 0.875000 0.664713
vt 0.875000 0.666667
vt 0.833333 0.666667
vt 0.333333 0.570735
vt 0.375000 0.570735
vt 0.375000 0.583333
vt 0.333333 0.583333
vt 0.333333 0.664713
vt 0.375000 0.664713
vt 0.375000 0.666667
vt 0.333333 0.666667
vt 0.500000 0.570735
vt 0.625000 0.570735
vt 0.625000 0.583333
vt 0.500000 0.583333
vt 0.562500 0.664713
vt 0.625000 0.664713
vt 0.625000 0.666667
vt 0.562500 0.666667
vt 0.562500 0.069708
vt 0.625000 0.069708
vt 0.625000 0.083333
vt 0.562500 0.083333
vt 0.500000 0.164768
vt 0.625000 0.164768
vt 0.625000 0.166667
vt 0.500000 0.166667
vt 0.500000 0.531360
vt 0.625000 0.531360
vt 0.625000 0.532941
vt 0.500000 0.532941
vt 0.333333 0.531360
vt 0.375000 0.531360
vt 0.375000 0.532941
vt 0.333333 0.532941
vt 0.833333 0.531360
vt 0.875000 0.531360
vt 0.875000 0.532941
vt 0.833333 0.532941
vt 0.500000 0.204461
vt 0.625000 0.204461
vt 0.625000 0.217059
vt 0.500000 0.217059
vt 0.562500 0.027507
vt 0.625000 0.027507
vt 0.625000 0.028831
vt 0.562500 0.028831
vt 0.833333 0.707544
vt 0.875000 0.707544
vt 0.875000 0.721169
vt 0.833333 0.721169
vt 0.333333 0.707544
vt 0.375000 0.707544
vt 0.375000 0.721169
vt 0.333333 0.721169
vt 0.562500 0.707544
vt 0.625000 0.707544
vt 0.625000 0.721169
vt 0.562500 0.721169
vt 0.500000 0.179265
vt 0.625000 0.179265
vt 0.625000 0.191863
vt 0.500000 0.191863
vt 0.500000 0.545539
vt 0.625000 0.545539
vt 0.625000 0.558137
vt 0.500000 0.558137
vt 0.333333 0.545539
vt 0.375000 0.545539
vt 0.375000 0.558137
vt 0.333333 0.558137
vt 0.833333 0.545539
vt 0.875000 0.545539
vt 0.875000 0.558137
vt 0.833333 0.558137
vt 0.562500 0.680292
vt 0.625000 0.680292
vt 0.625000 0.693918
vt 0.562500 0.693918
vt 0.291667 0.680292
vt 0.333333 0.680292
vt 0.375000 0.680292
vt 0.375000 0.693918
vt 0.291667 0.693918
vt 0.833333 0.680292
vt 0.875000 0.680292
vt 0.875000 0.693918
vt 0.833333 0.693918
vt 0.562500 0.042456
vt 0.625000 0.042456
vt 0.625000 0.056082
vt 0.562500 0.056082
vt 0.666667 0.680292
vt 0.708333 0.680292
vt 0.708333 0.693918
vt 0.666667 0.693918
vt 0.770833 0.680292
vt 0.791667 0.680292
vt 0.791667 0.693918
vt 0.770833 0.693918
vt 0.125000 0.680292
vt 0.208333 0.680292
vt 0.208333 0.693918
vt 0.125000 0.693918
vt 0.270833 0.680292
vt 0.270833 0.693918
vt 0.666667 0.545539
vt 0.708333 0.545539
vt 0.708333 0.558137
vt 0.666667 0.558137
vt 0.770833 0.545539
vt 0.791667 0.545539
vt 0.791667 0.558137
vt 0.770833 0.558137
vt 0.166667 0.545539
vt 0.208333 0.545539
vt 0.208333 0.558137
vt 0.166667 0.558137
vt 0.270833 0.545539
vt 0.291667 0.545539
vt 0.291667 0.558137
vt 0.270833 0.558137
vt 0.125000 0.707544
vt 0.208333 0.707544
vt 0.208333 0.721169
vt 0.125000 0.721169
vt 0.270833 0.707544
vt 0.291667 0.707544
vt 0.291667 0.721169
vt 0.270833 0.721169
vt 0.666667 0.707544
vt 0.708333 0.707544
vt 0.708333 0.721169
vt 0.666667 0.721169
vt 0.770833 0.707544
vt 0.791667 0.707544
vt 0.791667 0.721169
vt 0.770833 0.721169
vt 0.666667 0.531360
vt 0.708333 0.531360
vt 0.708333 0.532941
vt 0.666667 0.532941
vt 0.770833 0.531360
vt 0.791667 0.531360
vt 0.791667 0.532941
vt 0.770833 0.532941
vt 0.166667 0.531360
vt 0.208333 0.531360
vt 0.208333 0.532941
vt 0.166667 0.532941
vt 0.270833 0.531360
vt 0.291667 0.531360
vt 0.291667 0.532941
vt 0.270833 0.532941
vt 0.125000 0.664713
vt 0.208333 0.664713
vt 0.208333 0.666667
vt 0.125000 0.666667
vt 0.270833 0.664713
vt 0.291667 0.664713
vt 0.291667 0.666667
vt 0.270833 0.666667
vt 0.166667 0.570735
vt 0.208333 0.570735
vt 0.208333 0.583333
vt 0.166667 0.583333
vt 0.270833 0.570735
vt 0.291667 0.570735
vt 0.291667 0.583333
vt 0.270833 0.583333
vt 0.666667 0.664713
vt 0.708333 0.664713
vt 0.708333 0.666667
vt 0.666667 0.666667
vt 0.770833 0.664713
vt 0.791667 0.664713
vt 0.791667 0.666667
vt 0.770833 0.666667
vt 0.666667 0.570735
vt 0.708333 0.570735
vt 0.708333 0.583333
vt 0.666667 0.583333
vt 0.770833 0.570735
vt 0.791667 0.570735
vt 0.791667 0.583333
vt 0.770833 0.583333
vt 0.666667 0.736247
vt 0.708333 0.736247
vt 0.708333 0.750000
vt 0.666667 0.750000
vt 0.770833 0.736247
vt 0.770833 0.750000
vt 0.125000 0.736247
vt 0.208333 0.736247
vt 0.208333 0.750000
vt 0.125000 0.750000
vt 0.270833 0.736247
vt 0.291667 0.736247
vt 0.291667 0.750000
vt 0.270833 0.750000
vt 0.562229 0.804033
vt 0.599340 0.805158
vt 0.601618 0.834433
vt 0.562509 0.833587
vt 0.562476 0.895919
vt 0.602045 0.895825
vt 0.509611 0.288144
vt 0.614907 0.298503
vt 0.615992 0.333909
vt 0.509009 0.333002
vt 0.508883 0.397994
vt 0.616108 0.398091
vt 0.615328 0.412676
vt 0.509222 0.418686
vt 0.375000 0.395833
vt 0.500000 0.395833
vt 0.500000 0.416667
vt 0.375000 0.416667
vt 0.375000 0.291667
vt 0.500000 0.291667
vt 0.500000 0.333333
vt 0.375000 0.333333
vt 0.392099 0.916359
vt 0.392045 0.895648
vt 0.482957 0.895943
vt 0.482799 0.914963
vt 0.500000 0.028831
vt 0.500000 0.042456
vt 0.375000 0.179265
vt 0.375000 0.191863
vt 0.500000 0.666667
vt 0.375000 0.027507
vt 0.500000 0.027507
vt 0.375000 0.028831
vt 0.375000 0.204461
vt 0.375000 0.217059
vt 0.375000 0.164768
vt 0.375000 0.166667
vt 0.500000 0.056082
vt 0.500000 0.664713
vt 0.483021 0.874996
vt 0.500000 0.736247
vt 0.500000 0.750000
vt 0.375000 0.458333
vt 0.500000 0.458333
vt 0.500000 0.500000
vt 0.375000 0.500000
vt 0.375000 0.247679
vt 0.375000 0.250000
vt 0.375000 0.628124
vt 0.500000 0.628124
vt 0.500000 0.630503
vt 0.375000 0.630503
vt 0.375000 0.117836
vt 0.500000 0.117836
vt 0.500000 0.119497
vt 0.375000 0.119497
vt 0.770833 0.628124
vt 0.791667 0.628124
vt 0.791667 0.630503
vt 0.770833 0.630503
vt 0.666667 0.628124
vt 0.708333 0.628124
vt 0.708333 0.630503
vt 0.666667 0.630503
vt 0.270833 0.628124
vt 0.291667 0.628124
vt 0.291667 0.630503
vt 0.270833 0.630503
vt 0.125000 0.628124
vt 0.208333 0.628124
vt 0.208333 0.630503
vt 0.125000 0.630503
vt 0.625000 0.117836
vt 0.625000 0.119497
vt 0.625000 0.628124
vt 0.625000 0.630503
vt 0.333333 0.628124
vt 0.333333 0.630503
vt 0.833333 0.628124
vt 0.875000 0.628124
vt 0.875000 0.630503
vt 0.833333 0.630503
vt 0.625000 0.085287
vt 0.562500 0.085287
vt 0.375000 0.083333
vt 0.500000 0.083333
vt 0.500000 0.085287
vt 0.375000 0.085287
vt 0.375000 0.648438
vt 0.500000 0.648438
vt 0.770833 0.648438
vt 0.791667 0.648438
vt 0.666667 0.648438
vt 0.708333 0.648438
vt 0.270833 0.648438
vt 0.291667 0.648438
vt 0.125000 0.648438
vt 0.208333 0.648438
vt 0.619706 0.101563
vt 0.619706 0.115275
vt 0.333333 0.648438
vt 0.833333 0.648438
vt 0.875000 0.648438
vt 0.875000 0.585232
vt 0.833333 0.585232
vt 0.375000 0.585232
vt 0.625000 0.585232
vt 0.500000 0.585232
vt 0.250000 0.583333
vt 0.708333 0.585232
vt 0.666667 0.585232
vt 0.791667 0.585232
vt 0.770833 0.585232
vt 0.375000 0.143322
vt 0.500000 0.143322
vt 0.619706 0.143322
vt 0.619706 0.161285
vt 0.625000 0.121876
vt 0.500000 0.121876
vt 0.375000 0.121876
vt 0.833333 0.606678
vt 0.875000 0.606678
vt 0.333333 0.606678
vt 0.375000 0.606678
vt 0.619706 0.624640
vt 0.505294 0.624812
vt 0.125000 0.606678
vt 0.208333 0.606678
vt 0.270833 0.606678
vt 0.291667 0.606678
vt 0.666667 0.606678
vt 0.708333 0.606678
vt 0.770833 0.606678
vt 0.791667 0.606678
vt 0.500000 0.606678
vt 0.875000 0.632163
vt 0.833333 0.632164
vt 0.375000 0.632164
vt 0.333333 0.632164
vt 0.625000 0.632164
vt 0.500000 0.632164
vt 0.208333 0.632163
vt 0.125000 0.632164
vt 0.291667 0.632163
vt 0.270833 0.632163
vt 0.708333 0.632163
vt 0.666667 0.632163
vt 0.791667 0.632164
vt 0.770833 0.632164
vt 0.562500 0.662201
vt 0.505294 0.662253
vt 0.375000 0.101562
vt 0.500000 0.101562
vt 0.619706 0.648437
vt 0.619706 0.634725
vt 0.625000 0.648438
vt 0.505294 0.648437
vt 0.562500 0.087799
vt 0.505294 0.087747
vt 0.619706 0.662149
vt 0.619706 0.125359
vt 0.625000 0.143322
vt 0.505294 0.143322
vt 0.505294 0.161456
vt 0.619706 0.588715
vt 0.505294 0.588544
vt 0.619706 0.606678
vt 0.625000 0.606678
vt 0.505294 0.606678
vt 0.505294 0.125188
vt 0.619706 0.087851
vt 0.625000 0.101562
vt 0.505294 0.101563
vt 0.505294 0.115378
vt 0.505294 0.634622
vt 0.270833 0.585232
vt 0.291667 0.585232
vt 0.125000 0.585232
vt 0.208333 0.585232
vt 0.333333 0.585232
vt 0.229279 0.634292
vt 0.248566 0.634292
vt 0.248608 0.648438
vt 0.229167 0.648438
vt 0.229167 0.585232
vt 0.250000 0.585232
vt 0.250000 0.606678
vt 0.229167 0.606678
vt 0.729167 0.630503
vt 0.750000 0.630503
vt 0.750000 0.632163
vt 0.729167 0.632163
vt 0.229167 0.630503
vt 0.250000 0.630503
vt 0.250000 0.632163
vt 0.229167 0.632163
vt 0.729167 0.606678
vt 0.750000 0.606678
vt 0.750000 0.628124
vt 0.729167 0.628124
vt 0.250000 0.628124
vt 0.229167 0.628124
vt 0.729167 0.583333
vt 0.750000 0.583333
vt 0.750000 0.585232
vt 0.729167 0.585232
vt 0.248566 0.662584
vt 0.229279 0.662584
vt 0.729167 0.648438
vt 0.750000 0.648438
vt 0.750000 0.664713
vt 0.729167 0.664713
vt 0.482594 0.958531
vt 0.392252 0.933695
vt 0.375000 0.354167
vt 0.500000 0.354167
vt 0.500000 0.375000
vt 0.375000 0.375000
vt 0.625000 0.354167
vt 0.625000 0.375000
vt 0.562492 0.854081
vt 0.602043 0.854175
vt 0.600192 0.870886
vt 0.562477 0.870946
vt 0.229167 0.736247
vt 0.250000 0.736247
vt 0.250000 0.750000
vt 0.229167 0.750000
vt 0.729167 0.736247
vt 0.750000 0.736247
vt 0.750000 0.750000
vt 0.729167 0.750000
vt 0.729167 0.570735
vt 0.750000 0.570735
vt 0.750000 0.666667
vt 0.729167 0.666667
vt 0.229167 0.570735
vt 0.250000 0.570735
vt 0.229167 0.583333
vt 0.229167 0.664713
vt 0.250000 0.664713
vt 0.250000 0.666667
vt 0.229167 0.666667
vt 0.229167 0.531360
vt 0.250000 0.531360
vt 0.250000 0.532941
vt 0.229167 0.532941
vt 0.729167 0.531360
vt 0.750000 0.531360
vt 0.750000 0.532941
vt 0.729167 0.532941
vt 0.729167 0.707544
vt 0.750000 0.707544
vt 0.750000 0.721169
vt 0.729167 0.721169
vt 0.229167 0.707544
vt 0.250000 0.707544
vt 0.250000 0.721169
vt 0.229167 0.721169
vt 0.229167 0.545539
vt 0.250000 0.545539
vt 0.250000 0.558137
vt 0.229167 0.558137
vt 0.729167 0.545539
vt 0.750000 0.545539
vt 0.750000 0.558137
vt 0.729167 0.558137
vt 0.229167 0.680292
vt 0.250000 0.680292
vt 0.250000 0.693918
vt 0.229167 0.693918
vt 0.729167 0.680292
vt 0.750000 0.680292
vt 0.750000 0.693918
vt 0.729167 0.693918
vt 0.750000 0.722493
vt 0.729167 0.722493
vt 0.250000 0.722493
vt 0.229167 0.722493
vt 0.500000 0.721169
vt 0.500000 0.722493
vt 0.375000 0.722493
vt 0.375000 0.013753
vt 0.500000 0.013753
vt 0.291667 0.722493
vt 0.270833 0.722493
vt 0.208333 0.722493
vt 0.125000 0.722493
vt 0.791667 0.722493
vt 0.770833 0.722493
vt 0.708333 0.722493
vt 0.666667 0.722493
vt 0.562500 0.013753
vt 0.625000 0.013753
vt 0.875000 0.722493
vt 0.333333 0.722493
vt 0.625000 0.722493
vt 0.562500 0.722493
vt 0.729167 0.515680
vt 0.750000 0.515680
vt 0.229167 0.515680
vt 0.250000 0.515680
vt 0.500000 0.218640
vt 0.375000 0.218640
vt 0.375000 0.515680
vt 0.500000 0.515680
vt 0.270833 0.515680
vt 0.291667 0.515680
vt 0.166667 0.515680
vt 0.208333 0.515680
vt 0.770833 0.515680
vt 0.791667 0.515680
vt 0.666667 0.515680
vt 0.708333 0.515680
vt 0.833333 0.515680
vt 0.875000 0.515680
vt 0.333333 0.515680
vt 0.625000 0.515680
vt 0.625000 0.218640
vt 0.500000 0.069708
vt 0.500000 0.693918
vt 0.500000 0.707544
vt 0.482907 0.833584
vt 0.482956 0.854056
vt 0.250000 0.648438
vt 0.625000 0.395833
vt 0.616108 0.351909
vt 0.508883 0.352006
vt 0.209742 0.648438
vt 0.209782 0.662584
vt 0.209782 0.634292
vt 0.392045 0.854352
vt 0.392099 0.833641
vt 0.562477 0.879054
vt 0.600192 0.879114
vt 0.482594 0.791469
vt 0.392252 0.816305
vt 0.392176 0.824973
vt 0.375000 0.833333
vt 0.375000 0.791667
vt 0.375000 1.000000
vt 0.375000 0.916667
vt 0.375000 0.854167
vt 0.500000 1.000000
vt 0.500000 0.895833
vt 0.500000 0.916667
vt 0.482750 0.812527
vt 0.500000 0.791667
vt 0.391978 0.874996
vt 0.375000 0.895833
vt 0.375000 0.875000
vt 0.500000 0.854167
vt 0.500000 0.875000
vt 0.500000 0.833333
vt 0.562500 0.000000
vt 0.625000 0.000000
vt 0.375000 0.000000
vt 0.500000 0.000000
vt 0.208333 0.502321
vt 0.229167 0.502321
vt 0.750000 0.502321
vt 0.770833 0.502321
vt 0.708333 0.502321
vt 0.729167 0.502321
vt 0.250000 0.502321
vt 0.270833 0.502321
vt 0.500000 0.502321
vt 0.625000 0.502321
vt 0.333333 0.502321
vt 0.375000 0.502321
vt 0.833333 0.502321
vt 0.875000 0.502321
vt 0.666667 0.502321
vt 0.791667 0.502321
vt 0.166667 0.502321
vt 0.291667 0.502321
vt 0.500000 0.234320
vt 0.375000 0.234320
vt 0.625000 0.234320
vt 0.597062 0.775882
vt 0.625000 0.791667
vt 0.561950 0.774479
vt 0.526838 0.773075
vt 0.525119 0.802908
vt 0.523399 0.832741
vt 0.625000 0.854167
vt 0.625000 0.875000
vt 0.522942 0.853987
vt 0.524762 0.871007
vt 0.562500 0.875000
vt 0.625000 0.833333
vt 0.625000 1.000000
vt 0.562500 1.000000
vt 0.625000 0.916667
vt 0.625000 0.895833
vt 0.522906 0.896013
vt 0.524094 0.919814
vt 0.526838 0.976925
vt 0.524762 0.878993
vt 0.687500 0.500000
vt 0.750000 0.500000
vt 0.750000 0.625000
vt 0.687500 0.625000
vt 0.375000 0.468750
vt 0.625000 0.468750
vt 0.625000 0.500000
vt 0.375000 0.968750
vt 0.625000 0.968750
vt 0.843750 0.500000
vt 0.875000 0.500000
vt 0.875000 0.625000
vt 0.843750 0.625000
vt 0.843750 0.687500
vt 0.875000 0.687500
vt 0.843750 0.750000
vt 0.500000 0.680292
vt 0.687500 0.687500
vt 0.750000 0.687500
vt 0.687500 0.750000
vt 0.671875 0.500000
vt 0.671875 0.625000
vt 0.375000 0.812500
vt 0.625000 0.812500
vt 0.375000 0.312500
vt 0.625000 0.312500
vt 0.625000 0.781250
vt 0.625000 0.789062
vt 0.625000 0.796875
vt 0.671875 0.687500
vt 0.671875 0.750000
vt 0.250000 0.500000
vt 0.312500 0.500000
vt 0.312500 0.750000
vt 0.625000 0.437500
vt 0.375000 0.437500
vt 0.812500 0.625000
vt 0.812500 0.687500
vt 0.375000 0.281250
vt 0.625000 0.281250
vt 0.812500 0.750000
vt 0.812500 0.500000
vt 0.625000 0.937500
vt 0.375000 0.937500
vt 0.375000 0.206459
vt 0.625000 0.206459
vt 0.375000 0.687500
vt 0.625000 0.687500
vt 0.125000 0.687500
vt 0.625000 0.543541
vt 0.875000 0.543541
vt 0.625000 0.625000
vt 0.125000 0.543541
vt 0.375000 0.543541
vt 0.375000 0.625000
vt 0.125000 0.625000
vt 0.375000 0.062500
vt 0.625000 0.062500
vt 0.625000 0.125000
vt 0.375000 0.125000
vt 0.125000 0.500000
vt 0.125000 0.583333
vt 0.656250 0.625000
vt 0.656250 0.687500
vt 0.656250 0.750000
vt 0.656250 0.500000
vt 0.375000 0.460938
vt 0.625000 0.460938
vt 0.625000 0.453125
vt 0.375000 0.453125
vt 0.664062 0.625000
vt 0.664062 0.687500
vt 0.664062 0.750000
vt 0.664062 0.500000
vt 0.125000 0.502321
vt 0.125000 0.515680
vt 0.125000 0.532941
vt 0.125000 0.545539
vt 0.125000 0.558137
vt 0.125000 0.570735
vt 0.125000 0.531360
vt 0.509818 0.263353
vt 0.614591 0.266169
vt 0.625000 0.458333
vt 0.625000 0.416667
vt 0.625000 0.291667
vt 0.625000 0.333333
vt 0.166667 0.500000
vt 0.291667 0.500000
vt 0.333333 0.500000
vt 0.229167 0.500000
vt 0.270833 0.500000
vt 0.208333 0.500000
vt 0.791667 0.500000
vt 0.833333 0.500000
vt 0.666667 0.500000
vt 0.729167 0.500000
vt 0.770833 0.500000
vt 0.708333 0.500000
vt 0.375000 0.042456
vt 0.375000 0.056082
vt 0.375000 0.069708
vt 1.000000 0.750000
vt 1.000000 1.000000
vt 0.968750 1.000000
vt 0.968750 0.750000
vt 0.937500 1.000000
vt 0.937500 0.750000
vt 0.906250 1.000000
vt 0.906250 0.750000
vt 0.875000 1.000000
vt 0.843750 1.000000
vt 0.812500 1.000000
vt 0.781250 1.000000
vt 0.781250 0.750000
vt 0.750000 1.000000
vt 0.718750 1.000000
vt 0.718750 0.750000
vt 0.687500 1.000000
vt 0.656250 1.000000
vt 0.593750 1.000000
vt 0.593750 0.750000
vt 0.531250 1.000000
vt 0.531250 0.750000
vt 0.468750 1.000000
vt 0.468750 0.750000
vt 0.437500 1.000000
vt 0.437500 0.750000
vt 0.406250 1.000000
vt 0.406250 0.750000
vt 0.343750 1.000000
vt 0.343750 0.750000
vt 0.312500 1.000000
vt 0.281250 1.000000
vt 0.281250 0.750000
vt 0.250000 1.000000
vt 0.218750 1.000000
vt 0.218750 0.750000
vt 0.187500 1.000000
vt 0.187500 0.750000
vt 0.156250 1.000000
vt 0.156250 0.750000
vt 0.125000 1.000000
vt 0.093750 1.000000
vt 0.093750 0.750000
vt 0.062500 1.000000
vt 0.062500 0.750000
vt 0.113766 0.341029
vt 0.098624 0.312702
vt 0.031250 1.000000
vt 0.031250 0.750000
vt 0.000000 1.000000
vt 0.000000 0.750000
vt 0.750000 0.490000
vt 0.796822 0.485388
vt 0.841844 0.471731
vt 0.883337 0.449553
vt 0.919706 0.419706
vt 0.949553 0.383337
vt 0.971731 0.341844
vt 0.985388 0.296822
vt 0.990000 0.250000
vt 0.985388 0.203178
vt 0.971731 0.158156
vt 0.949553 0.116663
vt 0.919706 0.080294
vt 0.883337 0.050447
vt 0.841844 0.028269
vt 0.796822 0.014612
vt 0.750000 0.010000
vt 0.703178 0.014612
vt 0.658156 0.028269
vt 0.616663 0.050447
vt 0.580294 0.080294
vt 0.550447 0.116663
vt 0.528269 0.158156
vt 0.514612 0.203178
vt 0.510000 0.250000
vt 0.514612 0.296822
vt 0.528269 0.341844
vt 0.550447 0.383337
vt 0.580294 0.419706
vt 0.616663 0.449553
vt 0.658156 0.471731
vt 0.703178 0.485388
vt 0.309714 0.394162
vt 0.336691 0.379743
vt 0.341029 0.386234
vt 0.312702 0.401375
vt 0.341029 0.113766
vt 0.365858 0.134142
vt 0.089301 0.281965
vt 0.386234 0.158971
vt 0.086152 0.250000
vt 0.401375 0.187298
vt 0.089301 0.218035
vt 0.410699 0.218035
vt 0.098624 0.187298
vt 0.413848 0.250000
vt 0.113766 0.158971
vt 0.410699 0.281965
vt 0.134142 0.134142
vt 0.401376 0.312702
vt 0.158971 0.113766
vt 0.386234 0.341029
vt 0.187298 0.098624
vt 0.250000 0.413848
vt 0.218035 0.410699
vt 0.365858 0.365858
vt 0.218035 0.089301
vt 0.187298 0.401376
vt 0.250000 0.086152
vt 0.158971 0.386234
vt 0.281965 0.089301
vt 0.134142 0.365858
vt 0.281965 0.410699
vt 0.312702 0.098624
vt 0.250000 0.406040
vt 0.280442 0.403042
vt 0.360337 0.360337
vt 0.219558 0.403042
vt 0.190286 0.394163
vt 0.163309 0.379743
vt 0.139663 0.360337
vt 0.120257 0.336691
vt 0.105838 0.309714
vt 0.096958 0.280442
vt 0.093960 0.250000
vt 0.096958 0.219558
vt 0.105838 0.190286
vt 0.120257 0.163309
vt 0.139663 0.139663
vt 0.163309 0.120257
vt 0.190286 0.105838
vt 0.219558 0.096958
vt 0.250000 0.093960
vt 0.280442 0.096958
vt 0.309714 0.105838
vt 0.336691 0.120257
vt 0.360337 0.139663
vt 0.379743 0.163309
vt 0.394162 0.190286
vt 0.403042 0.219558
vt 0.406040 0.250000
vt 0.403042 0.280442
vt 0.394162 0.309714
vt 0.379743 0.336691
vt 0.158156 0.471731
vt 0.116663 0.449553
vt 0.080294 0.419706
vt 0.050447 0.383337
vt 0.028269 0.341844
vt 0.014612 0.296822
vt 0.010000 0.250000
vt 0.014612 0.203178
vt 0.028269 0.158156
vt 0.050447 0.116663
vt 0.080294 0.080294
vt 0.116663 0.050447
vt 0.158156 0.028269
vt 0.203178 0.014612
vt 0.250000 0.010000
vt 0.296822 0.014612
vt 0.341844 0.028269
vt 0.383337 0.050447
vt 0.419706 0.080294
vt 0.449553 0.116663
vt 0.471731 0.158156
vt 0.485388 0.203178
vt 0.490000 0.250000
vt 0.485388 0.296822
vt 0.471731 0.341844
vt 0.449553 0.383337
vt 0.419706 0.419706
vt 0.383337 0.449553
vt 0.341844 0.471731
vt 0.296822 0.485388
vt 0.203178 0.485388
vt 0.250000 0.490000
vt 0.062500 0.500000
vt 0.031250 0.500000
vt 1.000000 0.500000
vt 0.968750 0.500000
vt 0.937500 0.500000
vt 0.906250 0.500000
vt 0.781250 0.500000
vt 0.718750 0.500000
vt 0.593750 0.500000
vt 0.562500 0.500000
vt 0.531250 0.500000
vt 0.468750 0.500000
vt 0.437500 0.500000
vt 0.406250 0.500000
vt 0.343750 0.500000
vt 0.281250 0.500000
vt 0.218750 0.500000
vt 0.187500 0.500000
vt 0.156250 0.500000
vt 0.093750 0.500000
vt 0.000000 0.500000
s 1
g Car_car_base
usemtl car_base
f 696/1/1 689/4/4 688/3/3 694/2/2
f 497/9/6 471/12/9 455/11/8 402/10/7
s 0
f 603/17/14 558/20/14 374/19/14 411/18/14
f 404/21/15 465/24/15 464/23/15 410/22/15
s 1
f 669/25/16 654/28/19 12/27/18 243/26/17
f 662/29/20 655/32/23 11/31/22 139/30/21
s 0
f 591/33/24 567/36/24 14/35/24 244/34/24
f 577/37/25 568/40/25 13/39/25 103/38/25
s 1
f 250/41/26 69/44/29 15/43/28 242/42/27
s 0
f 482/45/30 472/48/30 16/47/30 136/46/30
s 1
f 493/49/31 474/52/34 11/51/33 277/50/32
s 0
f 144/53/35 72/56/35 12/55/35 142/54/35
s 1
f 237/57/36 73/60/39 20/59/38 232/58/37
s 0
f 589/61/40 569/64/40 18/63/40 230/62/40
s 1
f 667/65/41 656/68/44 17/67/43 229/66/42
f 262/69/45 74/72/47 17/71/43 253/70/46
f 488/73/48 475/76/51 23/75/50 219/74/49
s 0
f 672/77/52 657/80/52 23/79/52 267/78/52
f 595/81/53 570/84/53 24/83/53 268/82/53
s 1
f 491/85/54 476/88/57 22/87/56 266/86/55
f 249/89/58 77/92/60 27/91/59 243/90/17
f 261/93/61 78/96/64 26/95/63 256/94/62
s 0
f 593/97/65 571/100/65 28/99/65 254/98/65
s 1
f 671/101/66 658/104/67 27/103/59 253/102/46
f 492/105/68 477/108/71 32/107/70 280/106/69
s 0
f 284/109/72 61/113/72 30/112/72 278/111/72 597/110/72
f 673/114/73 659/117/73 29/116/73 277/115/73
s 1
f 490/118/74 478/121/77 29/120/76 267/119/75
s 0
f 596/122/78 564/125/78 64/124/78 281/123/78
f 279/130/72 31/133/72 62/132/72 283/131/72
f 330/134/83 310/135/83 61/113/83 284/109/83
s 1
f 592/136/84 563/139/87 60/138/86 257/137/85
s 0
f 670/144/65 652/147/65 58/146/65 259/145/65
f 326/148/92 309/151/92 57/150/92 260/149/92
f 265/152/93 21/155/93 56/154/93 269/153/93
f 328/156/94 308/159/94 55/158/94 270/157/94
f 594/160/95 562/163/95 54/162/95 271/161/95
s 1
f 588/168/100 561/171/103 52/170/102 233/169/101
f 364/172/104 351/175/107 51/174/106 234/173/105
s 0
f 666/176/108 651/179/108 50/178/108 235/177/108
f 322/180/109 307/183/109 49/182/109 236/181/109
f 95/184/25 10/187/25 48/186/25 521/185/25
f 313/188/25 306/191/25 47/190/25 98/189/25
f 668/192/24 650/195/24 46/194/24 245/193/24
f 324/196/110 305/199/110 45/198/110 246/197/110
s 1
f 576/200/111 560/203/114 44/202/113 99/201/112
f 357/204/115 350/207/118 43/206/117 100/205/116
f 590/208/119 559/211/122 42/210/121 247/209/120
s 0
f 602/216/127 566/219/127 456/218/127 403/217/127
f 416/220/128 466/221/128 465/24/128 404/21/128
f 401/222/129 376/225/129 377/224/129 405/223/129
f 414/226/25 378/229/25 375/228/25 406/227/25
f 303/244/138 33/247/138 684/246/138 683/245/138
f 649/248/139 34/251/139 691/250/139 690/249/139
f 37/252/140 390/252/140 396/253/140 348/253/140
f 339/254/141 395/254/141 389/255/141 381/255/141
s 1
f 75/256/142 746/256/145 750/257/144 273/257/143
s 0
f 30/112/146 738/112/146 732/111/146 278/111/146
s 1
f 254/98/147 28/99/148 78/96/64 261/93/61
f 241/258/149 25/259/150 77/92/60 249/89/58
f 13/39/151 733/39/154 734/260/153 70/260/152
f 217/261/155 21/263/157 75/256/142 225/262/156
f 255/264/158 19/265/159 74/72/47 262/69/45
f 230/62/160 18/63/161 73/60/39 237/57/36
f 108/266/162 9/267/165 72/56/164 144/53/163
f 273/257/143 750/257/144 749/268/167 80/268/166
f 103/38/168 13/39/170 70/260/170 138/269/169
f 244/34/171 14/35/172 69/44/29 250/41/26
s 0
f 204/270/173 391/270/173 395/254/173 339/254/173
s 1
f 411/18/174 374/19/177 457/272/176 407/271/175
s 0
f 565/273/178 7/276/178 682/275/178 685/274/178
s 1
f 697/277/179 3/278/180 689/4/4 696/1/1
s 0
f 123/279/170 87/282/170 94/281/170 148/280/170
f 128/283/181 85/286/181 93/285/181 150/284/181
s 1
f 359/287/182 356/290/185 92/289/184 120/288/183
f 581/291/186 574/294/189 91/293/188 119/292/187
s 0
f 315/295/25 312/298/25 90/297/25 118/296/25
f 115/299/25 85/302/25 89/301/25 117/300/25
f 150/284/35 93/285/35 86/304/35 149/303/35
f 148/280/30 94/281/30 88/306/30 147/305/30
f 580/307/25 575/308/25 87/282/25 123/279/25
s 1
f 664/309/190 661/312/192 86/311/192 141/310/191
s 0
f 474/52/35 481/314/35 139/313/35 11/51/35
s 1
f 10/315/193 95/318/195 140/317/194 71/316/193
f 181/319/196 103/38/168 138/269/169 180/320/197
f 454/321/198 357/204/115 100/205/116 446/322/199
f 607/323/200 576/200/111 99/201/112 445/324/201
s 0
f 318/325/25 313/188/25 98/189/25 179/326/25
f 177/327/25 95/184/25 521/185/25 520/328/25
f 449/329/202 451/329/202 165/330/202 125/330/202
f 585/331/25 577/37/25 103/38/25 181/319/25
s 1
f 677/332/203 662/29/20 139/30/21 447/333/204
f 654/28/19 663/335/206 142/334/205 12/27/18
f 14/35/172 549/35/208 548/336/208 106/336/207
s 0
f 69/44/30 146/338/30 145/337/30 15/43/30
f 193/339/209 428/339/209 430/199/209 305/199/209
f 305/199/209 430/199/209 422/198/209 45/198/209
s 1
f 559/211/122 579/341/211 112/340/210 42/210/121
f 349/215/126 358/343/213 113/342/212 41/214/125
f 14/35/172 106/336/207 146/338/214 69/44/29
f 169/344/215 108/266/162 144/53/163 168/345/216
s 0
f 437/346/217 439/346/217 158/347/217 105/347/217
f 93/285/35 143/349/35 141/348/35 86/304/35
f 85/286/181 115/350/181 143/349/181 93/285/181
s 1
f 676/351/218 664/309/190 141/310/191 433/352/219
s 0
f 584/353/25 580/307/25 123/279/25 167/354/25
f 116/355/220 163/355/220 164/356/220 121/356/220
f 169/357/25 115/299/25 117/300/25 170/358/25
f 317/359/25 315/295/25 118/296/25 171/360/25
s 1
f 606/361/221 581/291/186 119/292/187 435/362/222
f 443/363/223 359/287/182 120/288/183 436/364/224
f 167/354/225 123/279/227 148/280/227 172/365/226
f 661/312/192 665/367/229 149/366/228 86/311/192
s 0
f 575/308/25 582/369/25 126/368/25 87/282/25
f 94/281/30 137/371/30 135/370/30 88/306/30
f 85/302/25 128/373/25 524/372/25 89/301/25
f 312/298/25 316/375/25 131/374/25 90/297/25
s 1
f 574/294/189 583/377/231 132/376/230 91/293/188
f 356/290/185 360/379/233 133/378/232 92/289/184
s 0
f 87/282/170 126/368/170 137/371/170 94/281/170
f 484/380/234 486/380/234 154/381/234 101/381/234
s 1
f 177/382/235 128/283/237 150/284/237 182/383/236
s 0
f 448/384/238 444/386/238 135/370/238 129/385/238
f 183/387/239 180/320/239 138/269/239 101/381/239
f 483/388/35 481/314/35 140/317/35 104/389/35
f 484/380/30 482/45/30 136/46/30 96/390/30
f 437/346/240 433/392/240 141/348/240 122/391/240
f 173/393/241 168/345/241 144/53/241 107/394/241
f 109/395/30 145/337/30 146/338/30 114/396/30
f 107/394/35 144/53/35 142/54/35 105/347/35
f 438/397/242 434/398/242 145/337/242 109/395/242
f 174/399/243 172/365/243 148/280/243 121/356/243
f 122/391/35 141/348/35 143/349/35 124/400/35
f 121/356/30 148/280/30 147/305/30 116/355/30
f 449/329/244 447/402/244 139/313/244 102/401/244
f 184/403/245 182/383/245 150/284/245 127/404/245
f 129/385/30 135/370/30 137/371/30 134/405/30
f 127/404/35 150/284/35 149/303/35 125/330/35
f 124/400/246 143/349/246 168/345/246 173/393/246
f 114/396/247 146/338/247 172/365/247 174/399/247
f 107/394/248 160/394/248 175/393/248 173/393/248
f 121/356/248 164/356/248 176/399/248 174/399/248
f 173/393/248 175/393/248 159/400/248 124/400/248
f 184/403/248 186/403/248 156/389/248 104/389/248
f 114/396/249 162/396/249 161/395/249 109/395/249
f 134/405/250 153/405/250 151/385/250 129/385/250
f 105/347/249 158/347/249 160/394/249 107/394/249
f 448/384/251 450/384/251 152/390/251 96/390/251
f 125/330/250 165/330/250 166/404/250 127/404/250
f 438/397/252 440/397/252 163/355/252 116/355/252
f 183/387/248 185/387/248 153/405/248 134/405/248
f 174/399/248 176/399/248 162/396/248 114/396/248
f 483/388/253 485/388/253 155/401/253 102/401/253
f 124/400/220 159/400/220 157/391/220 122/391/220
s 1
f 106/336/207 167/354/225 172/365/226 146/338/214
s 0
f 314/406/25 317/359/25 171/360/25 111/407/25
f 108/408/25 169/357/25 170/358/25 110/409/25
f 578/410/25 584/353/25 167/354/25 106/336/25
s 1
f 115/350/254 169/344/215 168/345/216 143/349/254
s 0
f 101/381/248 154/381/248 185/387/248 183/387/248
f 127/404/248 166/404/248 186/403/248 184/403/248
f 104/389/255 140/317/255 182/383/255 184/403/255
f 134/405/256 137/371/256 180/320/256 183/387/256
s 1
f 95/318/195 177/382/235 182/383/236 140/317/194
s 0
f 582/369/25 585/331/25 181/319/25 126/368/25
f 128/373/25 177/327/25 520/328/25 524/372/25
f 316/375/25 318/325/25 179/326/25 131/374/25
s 1
f 126/368/257 181/319/196 180/320/197 137/371/257
s 0
f 344/411/25 346/414/25 216/413/25 213/412/25
f 342/415/25 345/418/25 215/417/25 209/416/25
s 1
f 298/419/258 302/422/260 214/421/259 205/420/248
s 0
f 340/423/25 523/426/25 525/425/25 206/424/25
s 1
f 442/427/261 301/430/264 212/429/263 441/428/262
s 0
f 345/418/25 343/432/25 211/431/25 215/417/25
s 1
f 291/433/265 300/436/268 210/435/267 191/434/266
s 0
f 578/410/269 611/410/269 553/407/269 111/407/269
f 346/414/25 341/438/25 208/437/25 216/413/25
s 1
f 453/439/270 299/442/273 207/441/272 452/440/271
s 0
f 343/432/25 340/423/25 206/424/25 211/431/25
s 1
f 301/430/264 298/419/258 205/420/248 212/429/263
s 0
f 65/443/274 400/443/274 399/444/274 1/444/274
f 331/445/138 187/448/138 203/447/138 693/446/138
f 693/446/275 203/447/275 188/450/275 692/449/275
f 415/455/25 383/458/25 384/457/25 408/456/25
f 413/459/280 459/462/280 469/461/280 409/460/280
s 1
f 299/442/273 292/466/284 192/465/283 207/441/272
s 0
f 365/467/285 333/469/285 193/339/285 252/468/285
f 522/470/25 334/473/25 194/472/25 527/471/25
f 363/474/25 335/477/25 195/476/25 239/475/25
s 1
f 321/478/286 293/481/289 196/480/288 240/479/287
s 0
f 369/486/294 336/489/294 198/488/294 276/487/294
f 367/490/295 337/493/295 199/492/295 263/491/295
f 371/498/300 338/501/300 201/500/300 287/499/300
f 294/485/305 319/507/305 228/506/305 197/484/305
f 336/489/306 361/509/306 227/508/306 198/488/306
s 1
f 24/83/307 220/512/310 226/511/309 76/510/308
f 401/513/311 217/261/155 225/262/156 412/514/312
s 0
f 308/159/313 320/516/313 224/515/313 55/158/313
f 21/155/314 217/518/314 223/517/314 56/154/314
f 352/167/315 362/520/315 222/519/315 53/166/315
f 562/163/316 586/522/316 221/521/316 54/162/316
s 1
f 496/523/317 488/73/48 219/74/49 410/524/318
s 0
f 53/166/319 222/519/319 219/525/319 23/79/319 657/80/319
f 570/84/320 587/526/320 220/512/320 24/83/320
s 1
f 476/88/57 489/528/322 218/527/321 22/87/56
s 0
f 430/529/323 321/478/323 240/479/323 428/530/323
f 432/531/324 363/474/324 239/475/324 427/532/324
s 1
f 19/265/159 231/534/326 238/533/325 74/72/47
f 418/535/327 230/62/160 237/57/36 426/536/328
s 0
f 429/537/329 322/180/329 236/181/329 425/538/329
f 675/539/330 666/176/330 235/177/330 424/540/330
f 431/541/323 364/172/323 234/173/323 423/542/323
f 605/543/331 588/168/331 233/169/331 422/544/331
f 674/545/332 667/65/332 229/66/332 417/546/332
f 604/547/333 589/61/333 230/62/333 418/535/333
s 1
f 426/536/328 237/57/36 232/58/37 421/548/334
f 74/72/47 238/533/325 229/549/42 17/71/43
s 0
f 337/493/335 365/467/335 252/468/335 199/492/335
s 1
f 28/99/148 244/34/171 250/41/26 78/96/64
f 9/267/165 241/258/149 249/89/58 72/56/164
f 563/139/87 590/208/119 247/209/120 60/138/86
s 0
f 309/151/336 324/196/336 246/197/336 57/150/336
f 652/147/337 668/192/337 245/193/337 58/146/337
s 1
f 72/56/164 249/89/58 243/90/17 12/55/18
f 78/96/64 250/41/26 242/42/27 26/95/63
s 0
f 571/100/337 591/33/337 244/34/337 28/99/337
s 1
f 658/104/67 669/25/16 243/26/17 27/103/59
s 0
f 335/477/338 367/490/338 263/491/338 195/476/338
s 1
f 25/259/150 255/264/158 262/69/45 77/92/60
f 18/63/161 254/98/147 261/93/61 73/60/39
s 0
f 307/183/339 326/148/339 260/149/339 49/182/339
f 651/179/340 670/144/340 259/145/340 50/178/340
s 1
f 561/171/103 592/136/84 257/137/85 52/170/102
f 656/68/44 671/101/66 253/102/46 17/67/43
s 0
f 569/64/340 593/97/340 254/98/340 18/63/340
s 1
f 73/60/39 261/93/61 256/94/62 20/59/38
f 77/92/60 262/69/45 253/70/46 27/91/59
s 0
f 338/501/341 369/486/341 276/487/341 201/500/341
f 24/83/342 736/83/342 737/82/342 268/82/342
f 31/133/343 748/133/343 744/152/343 265/152/343
f 564/125/344 594/160/344 271/161/344 64/124/344
f 310/135/345 328/156/345 270/157/345 61/113/345
f 31/133/346 265/152/346 269/153/346 62/132/346
s 1
f 475/76/51 490/118/74 267/119/75 23/75/50
f 477/108/71 491/85/54 266/86/55 32/107/70
s 0
f 61/113/346 270/157/346 595/81/346 268/82/346 30/112/346
f 659/117/347 672/77/347 267/78/347 29/116/347
f 334/473/348 371/498/348 287/499/348 194/472/348
s 1
f 286/550/349 751/550/352 742/316/351 71/316/350
f 79/551/353 739/551/356 741/552/355 274/552/354
s 0
f 306/191/357 330/134/357 284/109/357 47/190/357
f 10/187/358 279/130/358 283/131/358 48/186/358
f 560/203/359 596/122/359 281/123/359 44/202/359
f 655/32/360 673/114/360 277/115/360 11/31/360
f 568/40/361 597/110/361 278/111/361 13/39/361
s 1
f 472/48/362 492/105/68 280/106/69 16/47/363
f 478/121/77 493/49/31 277/50/32 29/120/76
s 0
f 194/472/348 287/499/348 330/134/348 306/191/348
f 201/500/341 276/487/341 328/156/341 310/135/341
f 195/476/338 263/491/338 326/148/338 307/183/338
f 199/492/335 252/468/335 324/196/335 309/151/335
f 427/532/367 239/475/367 322/180/367 429/537/367
f 422/544/323 233/169/323 321/478/323 430/529/323
f 198/488/368 227/508/368 320/516/368 308/159/368
f 54/162/369 221/521/369 319/507/369 294/485/369
s 1
f 233/169/101 52/170/102 293/481/289 321/478/286
f 99/201/112 44/202/113 292/466/284 299/442/273
s 0
f 403/217/128 456/218/128 459/462/128 413/459/128
f 382/553/371 387/553/371 393/554/371 311/554/371
s 1
f 119/292/187 91/293/188 298/419/258 301/430/264
f 445/324/201 99/201/112 299/442/273 453/439/270
f 42/210/121 112/340/210 300/436/268 291/433/265
f 435/362/222 119/292/187 301/430/264 442/427/261
f 91/293/188 132/376/230 302/422/260 298/419/258
s 0
f 525/425/25 526/555/25 318/325/25 316/375/25
f 209/416/25 215/417/25 317/359/25 314/406/25
f 206/424/25 525/425/25 316/375/25 312/298/25
f 215/417/25 211/431/25 315/295/25 317/359/25
f 526/555/25 527/471/25 313/188/25 318/325/25
f 211/431/25 206/424/25 312/298/25 315/295/25
f 187/448/138 303/244/138 683/245/138 203/447/138
f 203/447/372 683/245/372 680/556/372 188/450/372
f 408/456/25 384/457/25 378/229/25 414/226/25
f 252/468/285 193/339/285 305/199/285 324/196/285
f 527/471/25 194/472/25 306/191/25 313/188/25
f 239/475/25 195/476/25 307/183/25 322/180/25
f 276/487/373 198/488/373 308/159/373 328/156/373
f 263/491/295 199/492/295 309/151/295 326/148/295
f 287/499/300 201/500/300 310/135/300 330/134/300
f 48/186/374 283/131/374 371/498/374 334/473/374
f 62/132/375 269/153/375 369/486/375 338/501/375
f 50/178/376 259/145/376 367/490/376 335/477/376
f 58/146/377 245/193/377 365/467/377 337/493/377
f 428/530/323 240/479/323 364/172/323 431/541/323
f 424/540/378 235/177/378 363/474/378 432/531/378
f 197/484/379 228/506/379 362/520/379 352/167/379
f 56/154/380 223/517/380 361/509/380 336/489/380
f 283/131/381 62/132/381 338/501/381 371/498/381
f 259/145/382 58/146/382 337/493/382 367/490/382
f 269/153/383 56/154/383 336/489/383 369/486/383
f 235/177/384 50/178/384 335/477/384 363/474/384
f 521/185/25 48/186/25 334/473/25 522/470/25
f 245/193/385 46/194/385 333/469/385 365/467/385
f 405/223/25 377/224/25 383/458/25 415/455/25
f 34/251/138 331/445/138 693/446/138 691/250/138
f 117/300/25 89/301/25 340/423/25 343/432/25
f 178/559/25 97/560/25 341/438/25 346/414/25
s 1
f 108/266/162 551/266/387 550/267/387 9/267/165
s 0
f 170/358/25 117/300/25 343/432/25 345/418/25
f 89/301/25 524/372/25 523/426/25 340/423/25
f 110/409/25 170/358/25 345/418/25 342/415/25
f 130/561/25 178/559/25 346/414/25 344/411/25
s 1
f 205/420/248 214/421/259 360/379/233 356/290/185
f 441/428/262 212/429/263 359/287/182 443/363/223
f 191/434/266 210/435/267 358/343/213 349/215/126
f 452/440/271 207/441/272 357/204/115 454/321/198
f 212/429/263 205/420/248 356/290/185 359/287/182
s 0
f 290/562/388 394/562/388 388/563/388 38/563/388
f 409/460/391 469/461/391 466/221/391 416/220/391
s 1
f 207/441/272 192/465/283 350/207/118 357/204/115
f 240/479/287 196/480/288 351/175/107 364/172/104
f 68/566/392 457/272/176 374/19/177 5/567/393
f 598/568/394 558/570/397 375/569/396 38/563/395
f 37/252/398 377/572/401 376/571/400 1/444/399
f 38/563/395 375/569/396 378/573/402 290/562/402
f 1/444/399 376/571/400 463/574/404 65/443/403
f 381/255/405 82/576/408 467/575/407 339/254/406
f 599/577/409 572/578/410 457/272/176 68/566/392
f 65/443/403 463/574/404 82/576/408 381/255/405
f 189/579/411 384/581/411 383/580/412 348/253/412
f 204/270/413 470/583/413 461/582/415 311/554/414
f 290/562/402 378/573/402 384/581/411 189/579/411
f 311/554/414 461/582/415 81/584/417 382/553/416
f 339/254/406 467/575/407 470/583/413 204/270/413
f 348/253/412 383/580/412 377/572/401 37/252/398
s 0
f 599/577/424 601/577/424 387/553/424 382/553/424
f 381/255/425 389/255/425 400/443/425 65/443/425
f 5/567/426 398/567/426 397/566/426 68/566/426
f 348/253/427 396/253/427 392/579/427 189/579/427
f 598/568/428 600/568/428 398/567/428 5/567/428
f 311/554/429 393/554/429 391/270/429 204/270/429
f 1/444/430 399/444/430 390/252/430 37/252/430
f 189/579/431 392/579/431 394/562/431 290/562/431
f 228/506/432 409/460/432 416/220/432 362/520/432
f 223/517/433 405/223/433 415/455/433 361/509/433
f 227/508/434 408/456/434 414/226/434 320/516/434
f 221/521/435 403/217/435 413/459/435 319/507/435
s 1
f 473/585/436 496/523/317 410/524/318 464/586/437
f 376/587/400 401/513/311 412/514/312 463/588/404
s 0
f 319/507/438 413/459/438 409/460/438 228/506/438
f 361/509/439 415/455/439 408/456/439 227/508/439
s 1
f 220/512/310 411/18/174 407/271/175 226/511/309
s 0
f 320/516/440 414/226/440 406/227/440 224/515/440
f 217/518/441 401/222/441 405/223/441 223/517/441
f 362/520/442 416/220/442 404/21/442 222/519/442
f 586/522/443 602/216/443 403/217/443 221/521/443
f 222/519/444 404/21/444 410/22/444 219/525/444
f 587/526/445 603/17/445 411/18/445 220/512/445
s 1
f 489/528/322 497/9/6 402/10/7 218/527/321
s 0
f 701/589/446 424/540/446 432/531/446 709/590/446
f 705/591/447 428/530/447 431/541/447 708/592/447
f 699/593/447 422/544/447 430/529/447 707/594/447
f 704/595/448 427/532/448 429/537/448 706/596/448
s 1
f 703/597/449 426/536/328 421/548/334 698/598/450
s 0
f 711/599/451 604/547/451 418/535/451 695/600/451
f 713/601/452 674/545/452 417/546/452 694/602/452
f 710/603/453 605/543/453 422/544/453 699/593/453
f 708/592/454 431/541/454 423/542/454 700/604/454
f 712/605/455 675/539/455 424/540/455 701/589/455
f 706/596/456 429/537/456 425/538/456 702/606/456
s 1
f 695/600/457 418/535/327 426/536/328 703/597/449
s 0
f 709/590/458 432/531/458 427/532/458 704/595/458
f 707/594/454 430/529/454 428/530/454 705/591/454
s 1
f 231/534/326 420/608/460 419/607/459 238/533/325
f 238/533/325 419/607/459 417/609/461 229/549/42
f 210/435/267 441/428/262 443/363/223 358/343/213
f 112/340/210 435/362/222 442/427/261 300/436/268
f 300/436/268 442/427/261 441/428/262 210/435/267
s 0
f 109/395/217 161/395/217 440/397/217 438/397/217
f 116/355/462 147/305/462 434/398/462 438/397/462
f 105/347/463 142/54/463 433/392/463 437/346/463
s 1
f 358/343/213 443/363/223 436/364/224 113/342/212
f 579/341/211 606/361/221 435/362/222 112/340/210
f 663/335/206 676/351/218 433/352/219 142/334/205
s 0
f 122/391/252 157/391/252 439/346/252 437/346/252
s 1
f 214/421/259 452/440/271 454/321/198 360/379/233
f 132/376/230 445/324/201 453/439/270 302/422/260
f 302/422/260 453/439/270 452/440/271 214/421/259
s 0
f 129/385/202 151/385/202 450/384/202 448/384/202
f 125/330/464 149/303/464 447/402/464 449/329/464
f 96/390/465 136/46/465 444/386/465 448/384/465
s 1
f 665/367/229 677/332/203 447/333/204 149/366/228
s 0
f 102/401/251 155/401/251 451/329/251 449/329/251
s 1
f 583/377/231 607/323/200 445/324/201 132/376/230
f 360/379/233 454/321/198 446/322/199 133/378/232
s 0
f 608/231/466 566/611/466 455/11/466 6/610/466
f 498/612/467 471/12/467 457/272/467 373/613/467
f 609/614/468 572/578/468 81/584/468 458/615/468
f 190/453/469 469/617/469 459/616/469 304/452/469
f 385/618/470 461/582/470 470/583/470 386/619/470
f 499/454/471 487/620/471 469/617/471 190/453/471
f 304/452/472 459/616/472 456/621/472 39/232/472
f 458/615/473 81/584/473 461/582/473 385/618/473
f 500/16/474 473/623/474 464/622/474 2/15/474
f 2/15/475 464/622/475 465/624/475 40/14/475
f 40/14/476 465/624/476 466/625/476 332/235/476
f 380/626/477 467/575/477 82/576/477 468/627/477
f 468/627/478 82/576/478 463/574/478 379/628/478
f 501/564/479 487/620/479 470/583/479 462/629/479
f 332/235/480 466/625/480 469/617/480 460/565/480
f 462/629/481 470/583/481 467/575/481 380/626/481
f 62/637/484 31/571/484 219/622/484 222/638/484
f 460/565/487 469/617/487 487/620/487 501/564/487
f 379/628/488 463/574/488 473/623/488 500/16/488
f 386/619/489 470/583/489 487/620/489 499/454/489
f 6/610/490 455/11/490 471/12/490 498/612/490
s 1
f 226/511/309 407/271/175 497/9/6 489/528/322
f 463/588/404 412/514/312 496/523/317 473/585/436
f 80/268/166 286/550/349 493/49/31 478/121/77
f 70/260/152 285/646/495 492/105/68 472/48/362
f 79/551/353 274/552/354 491/85/54 477/108/71
f 75/256/142 273/257/143 490/118/74 475/76/51
f 76/510/308 226/511/309 489/528/322 476/88/57
f 412/514/312 225/262/156 488/73/48 496/523/317
s 0
f 104/389/234 156/389/234 485/388/234 483/388/234
f 101/381/30 138/269/30 482/45/30 484/380/30
f 102/401/35 139/313/35 481/314/35 483/388/35
f 96/390/253 152/390/253 486/380/253 484/380/253
f 71/316/497 140/317/497 481/314/497 474/52/497
s 1
f 273/257/143 80/268/166 478/121/77 490/118/74
f 285/646/495 79/551/353 477/108/71 492/105/68
f 274/552/354 76/510/308 476/88/57 491/85/54
f 225/262/156 75/256/142 475/76/51 488/73/48
f 286/550/349 71/316/350 474/52/34 493/49/31
s 0
f 138/269/30 70/260/30 472/48/30 482/45/30
s 1
f 407/271/175 457/272/176 471/12/9 497/9/6
s 0
f 61/652/503 201/581/503 228/617/503 319/653/503
f 30/19/505 61/652/505 319/653/505 221/658/505 648/657/505 562/656/505 218/11/505
f 503/661/507 201/457/507 61/663/507 506/662/507
f 201/581/516 338/673/516 362/672/516 228/617/516
f 338/673/521 62/637/521 222/638/521 362/672/521
f 178/559/25 520/328/25 521/185/25 97/560/25
f 97/560/25 521/185/25 522/470/25 341/438/25
f 344/411/25 523/426/25 524/372/25 130/561/25
f 130/561/25 524/372/25 520/328/25 178/559/25
f 216/413/25 526/555/25 525/425/25 213/412/25
f 208/437/25 527/471/25 526/555/25 216/413/25
f 341/438/25 522/470/25 527/471/25 208/437/25
f 213/412/25 525/425/25 523/426/25 344/411/25
f 232/36/544 611/410/544 548/336/544 549/35/544
f 550/691/545 551/408/545 552/409/545 423/194/545
f 430/199/546 555/406/546 553/407/546 422/198/546
f 431/469/546 554/415/546 556/416/546 428/339/546
f 428/339/546 556/416/546 555/406/546 430/199/546
f 423/194/546 552/409/546 554/415/546 431/469/546
f 110/409/547 552/409/547 551/408/547 108/408/547
f 111/407/548 553/407/548 555/406/548 314/406/548
f 314/406/548 555/406/548 556/416/548 209/416/548
f 342/415/548 554/415/548 552/409/548 110/409/548
f 333/469/209 431/469/209 428/339/209 193/339/209
f 567/36/549 232/36/549 549/35/549 14/35/549
f 209/416/548 556/416/548 554/415/548 342/415/548
f 46/194/209 423/194/209 431/469/209 333/469/209
f 45/198/550 422/198/550 232/36/550 567/36/550
f 422/198/551 553/407/551 611/410/551 232/36/551
f 373/613/554 457/272/554 572/578/554 609/614/554
f 39/232/555 456/621/555 566/611/555 608/231/555
s 1
f 135/370/556 444/386/557 607/323/200 583/377/231
f 145/337/558 434/398/559 606/361/221 579/341/211
s 0
f 698/598/560 421/548/560 605/543/560 710/603/560
f 702/606/561 425/538/561 604/547/561 711/599/561
f 224/515/562 406/227/562 603/17/562 587/526/562
f 218/527/563 402/10/563 602/216/563 586/522/563
f 38/563/428 388/563/428 600/568/428 598/568/428
f 68/566/424 397/566/424 601/577/424 599/577/424
s 1
f 382/553/416 81/584/417 572/578/410 599/577/409
f 5/567/393 374/19/177 558/570/397 598/568/394
s 0
f 47/190/565 284/109/565 597/110/565 568/40/565
f 16/47/566 280/106/566 596/122/566 560/203/566
f 32/107/567 266/86/567 594/160/567 564/125/567
f 49/182/340 260/149/340 593/97/340 569/64/340
s 1
f 20/59/38 256/94/62 592/136/84 561/171/103
s 0
f 57/150/337 246/197/337 591/33/337 571/100/337
s 1
f 26/95/63 242/42/27 590/208/119 563/139/87
s 0
f 425/538/568 236/181/568 589/61/568 604/547/568
f 421/548/569 232/58/569 588/168/569 605/543/569
f 55/158/570 224/515/570 587/526/570 570/84/570
f 22/87/571 218/527/571 586/522/571 562/163/571
f 106/336/269 548/336/269 611/410/269 578/410/269
f 131/374/25 179/326/25 585/331/25 582/369/25
f 111/407/25 171/360/25 584/353/25 578/410/25
s 1
f 88/306/572 135/370/556 583/377/231 574/294/189
s 0
f 90/297/25 131/374/25 582/369/25 575/308/25
s 1
f 434/398/559 147/305/573 581/291/186 606/361/221
s 0
f 171/360/25 118/296/25 580/307/25 584/353/25
s 1
f 15/43/28 145/337/558 579/341/211 559/211/122
s 0
f 179/326/25 98/189/25 577/37/25 585/331/25
s 1
f 444/386/557 136/46/574 576/200/111 607/323/200
s 0
f 118/296/25 90/297/25 575/308/25 580/307/25
s 1
f 147/305/573 88/306/572 574/294/189 581/291/186
s 0
f 33/247/575 565/273/575 685/274/575 684/246/575
f 402/10/577 455/11/577 566/219/577 602/216/577
s 1
f 242/42/27 15/43/28 559/211/122 590/208/119
f 136/46/574 16/47/578 560/203/114 576/200/111
f 232/58/37 20/59/38 561/171/103 588/168/100
s 0
f 266/86/579 22/87/579 562/163/579 594/160/579
s 1
f 256/94/62 26/95/63 563/139/87 592/136/84
s 0
f 280/106/580 32/107/580 564/125/580 596/122/580
f 260/149/65 57/150/65 571/100/65 593/97/65
f 270/157/581 55/158/581 570/84/581 595/81/581
f 236/181/582 49/182/582 569/64/582 589/61/582
f 98/189/25 47/190/25 568/40/25 577/37/25
f 246/197/24 45/198/24 567/36/24 591/33/24
f 406/227/583 375/228/583 558/20/583 603/17/583
s 1
f 133/378/232 446/322/199 677/332/203 665/367/229
f 113/342/212 436/364/224 676/351/218 663/335/206
s 0
f 697/704/613 420/705/613 675/539/613 712/605/613
f 700/604/614 423/542/614 674/545/614 713/601/614
f 43/206/615 282/127/615 673/114/615 655/32/615
f 63/128/616 272/165/616 672/77/616 659/117/616
s 1
f 51/174/106 258/141/89 671/101/66 656/68/44
s 0
f 19/706/340 255/707/340 670/144/340 651/179/340
s 1
f 59/142/90 248/213/124 669/25/16 658/104/67
s 0
f 25/708/337 241/709/337 668/192/337 652/147/337
f 423/542/617 234/173/617 667/65/617 674/545/617
f 420/705/618 231/710/618 666/176/618 675/539/618
s 1
f 92/289/184 133/378/232 665/367/229 661/312/192
f 436/364/224 120/288/183 664/309/190 676/351/218
f 41/214/125 113/342/212 663/335/206 654/28/19
f 446/322/199 100/205/116 662/29/20 677/332/203
f 120/288/183 92/289/184 661/312/192 664/309/190
s 0
f 3/278/619 649/248/619 690/249/619 689/4/619
f 241/709/24 9/691/24 650/195/24 668/192/24
f 231/710/621 19/706/621 651/179/621 666/176/621
f 255/707/65 25/708/65 652/147/65 670/144/65
f 282/127/622 63/128/622 659/117/622 673/114/622
s 1
f 258/141/89 59/142/90 658/104/67 671/101/66
s 0
f 272/165/623 53/166/623 657/80/623 672/77/623
s 1
f 234/173/105 51/174/106 656/68/44 667/65/41
f 100/205/116 43/206/117 655/32/23 662/29/20
f 248/213/124 41/214/125 654/28/19 669/25/16
s 0
f 8/7/624 679/636/624 678/713/624 557/6/624
f 36/242/625 681/714/625 680/556/625 289/241/625
f 67/8/626 682/275/626 679/636/626 8/7/626
f 297/240/627 683/245/627 684/246/627 84/243/627
f 573/5/628 685/274/628 682/275/628 67/8/628
f 289/241/629 680/556/629 683/245/629 297/240/629
f 557/6/630 678/713/630 681/714/630 36/242/630
f 84/243/631 684/246/631 685/274/631 573/5/631
f 35/238/632 687/716/632 686/715/632 653/237/632
f 4/712/633 688/3/633 689/4/633 66/711/633
f 660/236/634 690/249/634 691/250/634 83/239/634
f 347/557/635 692/449/635 687/716/635 35/238/635
f 83/239/636 691/250/636 693/446/636 355/558/636
f 355/558/637 693/446/637 692/449/637 347/557/637
f 653/237/638 686/715/638 688/3/638 4/712/638
f 66/711/639 689/4/639 690/249/639 660/236/639
f 699/593/640 725/593/640 730/603/640 710/603/640
f 3/690/641 697/704/641 712/605/641 649/717/641
f 33/718/642 702/606/642 711/599/642 565/719/642
f 680/556/643 720/556/643 723/450/643 188/450/643
f 700/604/644 726/604/644 729/592/644 708/592/644
f 331/720/645 709/590/645 704/595/645 187/661/645
s 1
f 7/276/646 695/600/457 703/597/449 682/275/647
s 0
f 303/721/648 706/596/648 702/606/648 33/718/648
f 649/717/649 712/605/649 701/589/649 34/722/649
f 708/592/650 729/592/650 727/591/650 705/591/650
f 707/594/651 728/594/651 725/593/651 699/593/651
f 679/636/652 717/636/652 716/713/652 678/713/652
f 565/719/653 711/599/653 695/600/653 7/276/653
s 1
f 682/275/647 703/597/449 698/598/450 679/636/654
s 0
f 187/661/655 704/595/655 706/596/655 303/721/655
f 713/601/656 731/601/656 726/604/656 700/604/656
f 188/450/657 723/450/657 722/449/657 692/449/657
f 34/722/658 701/589/658 709/590/658 331/720/658
s 1
f 420/608/460 697/277/179 696/1/1 419/607/459
f 419/607/459 696/1/1 694/2/2 417/609/461
s 0
f 719/723/659 726/604/659 731/601/659 718/724/659
f 717/636/660 724/598/660 730/603/660 716/725/660
f 720/726/661 728/594/661 727/591/661 723/631/661
f 722/727/662 729/592/662 726/604/662 719/723/662
f 716/725/663 730/603/663 725/593/663 721/728/663
f 718/724/664 731/601/664 714/602/664 715/640/664
f 721/728/665 725/593/665 728/594/665 720/726/665
f 723/631/666 727/591/666 729/592/666 722/727/666
f 710/603/667 730/603/667 724/598/667 698/598/667
f 678/713/668 716/713/668 721/714/668 681/714/668
f 694/602/669 714/602/669 731/601/669 713/601/669
f 705/591/670 727/591/670 728/594/670 707/594/670
s 1
f 688/3/3 715/3/671 714/2/671 694/2/2
s 0
f 687/716/672 719/716/672 718/715/672 686/715/672
f 692/449/673 722/449/673 719/716/673 687/716/673
f 686/715/674 718/715/674 715/3/674 688/3/674
s 1
f 698/598/450 724/598/675 717/636/675 679/636/654
s 0
f 681/714/676 721/714/676 720/556/676 680/556/676
s 1
f 732/111/677 738/112/679 739/551/356 740/646/678
f 737/82/680 736/83/682 735/510/681 741/552/355
f 738/112/679 737/82/680 741/552/355 739/551/356
f 733/39/154 732/111/677 740/646/678 734/260/153
s 0
f 268/82/683 737/82/683 738/112/683 30/112/683
s 1
f 70/260/152 734/260/153 740/646/678 285/646/495
f 76/510/308 735/510/681 736/83/682 24/83/307
s 0
f 278/111/684 732/111/684 733/39/684 13/39/684
s 1
f 274/552/354 741/552/355 735/510/681 76/510/308
f 285/646/495 740/646/678 739/551/356 79/551/353
f 744/729/685 748/730/686 749/268/167 750/257/144
f 747/731/687 743/315/688 742/316/351 751/550/352
f 745/263/689 744/729/685 750/257/144 746/256/145
f 748/730/686 747/731/687 751/550/352 749/268/167
s 0
f 265/152/690 744/152/690 745/155/690 21/155/690
s 1
f 71/316/350 742/316/351 743/315/688 10/315/691
f 21/263/157 745/263/689 746/256/145 75/256/142
s 0
f 10/187/692 743/187/692 747/130/692 279/130/692
f 279/130/693 747/130/693 748/133/693 31/133/693
s 1
f 80/268/166 749/268/167 751/550/352 286/550/349
g Car_car_windshield
usemtl car_windshield
f 372/126/79 354/129/82 63/128/81 282/127/80
f 368/140/88 353/143/91 59/142/90 258/141/89
f 370/164/96 352/167/99 53/166/98 272/165/97
f 366/212/123 349/215/126 41/214/125 248/213/124
f 323/463/281 291/433/265 191/434/266 251/464/282
f 327/482/290 294/485/293 197/484/292 275/483/291
f 325/494/296 295/497/299 200/496/298 264/495/297
f 329/502/301 296/505/304 202/504/303 288/503/302
f 295/497/299 323/463/281 251/464/282 200/496/298
f 353/143/91 366/212/123 248/213/124 59/142/90
f 293/481/289 325/494/296 264/495/297 196/480/288
f 351/175/107 368/140/88 258/141/89 51/174/106
f 296/505/304 327/482/290 275/483/291 202/504/303
f 354/129/82 370/164/96 272/165/97 63/128/81
f 292/466/284 329/502/301 288/503/302 192/465/283
f 350/207/118 372/126/79 282/127/80 43/206/117
f 44/202/113 281/123/364 329/502/301 292/466/284
f 64/124/365 271/161/366 327/482/290 296/505/304
f 52/170/102 257/137/85 325/494/296 293/481/289
f 60/138/86 247/209/120 323/463/281 295/497/299
f 281/123/364 64/124/365 296/505/304 329/502/301
f 257/137/85 60/138/86 295/497/299 325/494/296
f 271/161/366 54/162/370 294/485/293 327/482/290
f 247/209/120 42/210/121 291/433/265 323/463/281
f 192/465/283 288/503/302 372/126/79 350/207/118
f 202/504/303 275/483/291 370/164/96 354/129/82
f 196/480/288 264/495/297 368/140/88 351/175/107
f 200/496/298 251/464/282 366/212/123 353/143/91
f 251/464/282 191/434/266 349/215/126 366/212/123
f 275/483/291 197/484/292 352/167/99 370/164/96
f 264/495/297 200/496/298 353/143/91 368/140/88
f 288/503/302 202/504/303 354/129/82 372/126/79
s 0
g Car_car_dashboard
usemtl car_dashboard
f 505/630/482 511/633/482 510/632/482 502/631/482
f 637/634/483 13/276/483 70/636/483 636/635/483
f 518/639/485 517/642/485 508/641/485 71/640/485
f 519/643/486 222/645/486 219/23/486 509/644/486
f 513/647/501 319/649/501 228/461/501 512/648/501
f 641/650/502 642/651/502 511/633/502 505/630/502
f 504/654/504 503/448/504 502/450/504 507/655/504
f 643/659/506 221/660/506 319/649/506 513/647/506
f 503/448/508 506/665/508 505/664/508 502/450/508
f 642/651/509 643/659/509 513/647/509 511/633/509
f 511/633/510 513/647/510 512/648/510 510/632/510
f 517/642/511 519/643/511 509/644/511 508/641/511
f 510/632/512 512/648/512 516/667/512 514/666/512
f 515/668/513 504/654/513 507/655/513 518/669/513
f 512/648/514 228/461/514 362/670/514 516/667/514
f 502/631/515 510/632/515 514/666/515 507/671/515
f 10/278/517 515/668/517 518/669/517 71/3/517
f 514/666/518 516/667/518 519/643/518 517/642/518
f 516/667/519 362/670/519 222/645/519 519/643/519
f 507/671/520 514/666/520 517/642/520 518/639/520
f 79/681/601 491/677/601 639/693/601 638/692/601
f 491/677/602 218/11/602 562/694/602 639/693/602
f 70/636/603 79/681/603 638/692/603 636/695/603
f 647/696/604 637/634/604 636/635/604 644/697/604
f 506/665/605 640/699/605 641/698/605 505/664/605
f 645/700/606 646/701/606 643/659/606 642/651/606
f 646/701/607 648/702/607 221/660/607 643/659/607
f 644/703/608 645/700/608 642/651/608 641/650/608
f 636/695/609 638/692/609 645/700/609 644/703/609
f 639/693/610 562/694/610 648/702/610 646/701/610
f 638/692/611 639/693/611 646/701/611 645/700/611
f 640/699/612 647/696/612 644/697/612 641/698/612
s 1
g Car_car_seats
usemtl car_seats
f 542/674/522 530/278/525 531/3/524 540/675/523
f 530/278/525 534/276/527 535/636/526 531/3/524
f 635/676/528 532/19/531 533/11/530 633/677/529
f 532/19/531 528/571/533 529/622/532 533/11/530
f 632/678/534 528/225/533 532/19/531 635/676/528
f 633/677/529 533/11/530 529/23/532 634/644/535
f 543/679/536 539/681/538 537/641/537 540/680/523
f 542/682/522 536/685/534 538/684/528 541/683/539
f 541/683/539 538/684/528 539/681/538 543/679/536
f 632/686/534 536/689/534 537/688/537 634/687/535
f 534/276/527 541/683/539 543/679/536 535/636/526
f 530/690/525 542/682/522 541/683/539 534/276/527
f 540/680/523 544/680/541 547/679/540 543/679/536
f 536/689/534 542/674/522 540/675/523 537/688/537
f 546/636/542 547/679/540 544/680/541 545/640/543
f 531/3/524 545/3/543 544/675/541 540/675/523
f 535/636/526 546/636/542 545/3/543 531/3/524
f 543/679/536 547/679/540 546/636/542 535/636/526
f 626/674/534 614/278/587 615/3/586 624/675/585
f 614/278/587 618/276/589 619/636/588 615/3/586
f 622/684/528 616/19/592 617/11/591 623/681/590
f 616/19/592 612/571/594 613/622/593 617/11/591
f 620/685/534 612/225/594 616/19/592 622/684/528
f 623/681/590 617/11/591 613/23/593 621/641/595
f 627/679/596 623/681/590 621/641/595 624/680/585
f 626/682/534 620/685/534 622/684/528 625/683/528
f 625/683/528 622/684/528 623/681/590 627/679/596
f 612/587/594 620/689/534 621/688/595 613/586/593
f 618/276/589 625/683/528 627/679/596 619/636/588
f 614/690/587 626/682/534 625/683/528 618/276/589
f 624/680/585 628/680/598 631/679/597 627/679/596
f 620/689/534 626/674/534 624/675/585 621/688/595
f 630/636/599 631/679/597 628/680/598 629/640/600
f 615/3/586 629/3/600 628/675/598 624/675/585
f 619/636/588 630/636/599 629/3/600 615/3/586
f 627/679/596 631/679/597 630/636/599 619/636/588
f 528/587/533 632/686/534 634/687/535 529/586/532
f 539/681/538 633/677/529 634/644/535 537/641/537
f 536/685/534 632/678/534 635/676/528 538/684/528
f 538/684/528 635/676/528 633/677/529 539/681/538
g Car_car_headlight_inner
usemtl car_headlight_inner
f 495/234/134 480/13/10 40/14/11 332/235/135
s 0
f 297/240/137 84/243/137 36/242/137 289/241/137
s 1
f 494/451/276 499/454/279 190/453/278 304/452/277
f 479/233/133 494/451/276 304/452/277 39/232/132
s 0
f 83/239/386 355/558/386 347/557/386 35/238/386
s 1
f 501/564/389 495/234/134 332/235/135 460/565/390
f 462/629/491 380/626/492 495/234/134 501/564/389
f 458/615/493 385/618/494 494/451/276 479/233/133
f 385/618/494 386/619/496 499/454/279 494/451/276
f 380/626/492 468/627/498 480/13/10 495/234/134
g Car_car_headlight_outer
usemtl car_headlight_outer
f 480/13/10 500/16/13 2/15/12 40/14/11
f 610/230/130 479/233/133 39/232/132 608/231/131
s 0
f 660/236/136 83/239/136 35/238/136 653/237/136
s 1
f 609/614/499 458/615/493 479/233/133 610/230/130
f 468/627/498 379/628/500 500/16/13 480/13/10
f 373/613/552 609/614/499 610/230/130 498/612/553
f 498/612/553 610/230/130 608/231/131 6/610/576
s 0
f 84/243/584 573/5/584 557/6/584 36/242/584
g Car_car_radiator_vent
usemtl car_radiator_vent
f 396/253/418 390/252/418 389/255/418 395/254/418
f 600/568/419 388/563/419 387/553/419 601/577/419
f 390/252/420 399/444/420 400/443/420 389/255/420
f 394/562/421 392/579/421 391/270/421 393/554/421
f 388/563/422 394/562/422 393/554/422 387/553/422
f 392/579/423 396/253/423 395/254/423 391/270/423
f 398/567/564 600/568/564 601/577/564 397/566/564
g Car_car_rearlight_outer
usemtl car_rearlight_outer
f 573/5/5 67/8/5 8/7/5 557/6/5
f 66/711/620 660/236/620 653/237/620 4/712/620
s 1
g Car_car_wheel_base
usemtl car_wheel_base
f 1424/732/694 1425/735/697 1008/734/696 1009/733/695
f 1425/735/697 1426/737/699 1010/736/698 1008/734/696
f 1426/737/699 1427/739/701 1011/738/700 1010/736/698
f 1427/739/701 1428/23/703 1012/740/702 1011/738/700
f 1428/23/703 1429/645/705 1013/741/704 1012/740/702
f 1429/645/705 1430/670/707 1014/742/706 1013/741/704
f 1430/670/707 1431/744/709 1015/743/708 1014/742/706
f 1431/744/709 1432/461/25 1016/745/710 1015/743/708
f 1432/461/25 1433/747/712 1017/746/711 1016/745/710
f 1433/747/712 1434/649/714 1018/748/713 1017/746/711
f 1434/649/714 1435/694/716 1019/749/715 1018/748/713
f 1435/694/716 1436/11/718 1020/622/717 1019/749/715
f 1436/11/718 1437/751/720 1021/750/719 1020/622/717
f 1437/751/720 1438/12/722 1022/623/721 1021/750/719
f 1438/12/722 1439/753/724 1023/752/723 1022/623/721
f 1439/753/724 1440/272/726 1024/574/725 1023/752/723
f 1440/272/726 1441/755/728 1025/754/727 1024/574/725
f 1441/755/728 1442/757/730 1026/756/729 1025/754/727
f 1442/757/730 1443/759/732 1027/758/731 1026/756/729
f 1443/759/732 1444/19/734 1028/571/733 1027/758/731
f 1444/19/734 1445/761/736 1029/760/735 1028/571/733
f 1445/761/736 1446/663/738 1030/762/737 1029/760/735
f 1446/663/738 1447/764/740 1031/763/739 1030/762/737
f 1447/764/740 1448/457/248 1032/765/741 1031/763/739
f 1448/457/248 1449/767/743 1033/766/742 1032/765/741
f 1449/767/743 1450/769/745 1034/768/744 1033/766/742
f 1450/769/745 1451/771/747 1035/770/746 1034/768/744
f 1451/771/747 1452/225/749 1036/772/748 1035/770/746
f 1452/225/749 1453/774/751 1037/773/750 1036/772/748
f 1453/774/751 1454/776/753 1038/775/752 1037/773/750
s 0
f 807/777/754 1099/777/754 1098/778/754 805/778/754
s 1
f 1454/776/753 1455/780/756 1039/779/755 1038/775/752
f 1455/780/756 1424/782/694 1009/781/695 1039/779/755
s 0
f 752/783/522 814/814/522 812/813/522 810/812/522 808/811/522 806/810/522 804/809/522 802/808/522 800/807/522 798/806/522 796/805/522 794/804/522 792/803/522 790/802/522 788/801/522 786/800/522 784/799/522 782/798/522 780/797/522 778/796/522 776/795/522 774/794/522 772/793/522 770/792/522 768/791/522 766/790/522 764/789/522 762/788/522 760/787/522 758/786/522 756/785/522 754/784/522
f 909/815/757 877/818/757 876/817/757 908/816/757
f 980/819/758 866/819/758 867/820/758 982/820/758
f 954/778/759 853/778/759 854/821/759 956/821/759
f 982/820/760 867/820/760 868/822/760 984/822/760
f 956/821/761 854/821/761 855/823/761 958/823/761
f 984/822/762 868/822/762 869/824/762 986/824/762
f 958/823/763 855/823/763 856/825/763 960/825/763
f 986/824/764 869/824/764 870/826/764 988/826/764
f 960/825/765 856/825/765 857/827/765 962/827/765
f 988/826/766 870/826/766 871/828/766 990/828/766
f 962/827/767 857/827/767 858/829/767 964/829/767
f 990/828/768 871/828/768 872/830/768 992/830/768
f 964/829/769 858/829/769 859/831/769 966/831/769
f 992/830/770 872/830/770 873/832/770 994/832/770
f 966/831/771 859/831/771 860/833/771 968/833/771
f 994/832/772 873/832/772 874/834/772 996/834/772
f 968/833/773 860/833/773 861/835/773 970/835/773
f 1006/836/774 878/836/774 848/837/774 944/837/774
f 996/834/775 874/834/775 875/838/775 998/838/775
f 970/835/776 861/835/776 862/839/776 972/839/776
f 944/837/777 848/837/777 849/840/777 946/840/777
f 998/838/778 875/838/778 876/817/778 1000/817/778
f 972/839/779 862/839/779 863/841/779 974/841/779
f 946/840/780 849/840/780 850/842/780 948/842/780
f 1000/817/781 876/817/781 877/818/781 1002/818/781
f 974/841/782 863/841/782 864/843/782 976/843/782
f 948/842/783 850/842/783 851/844/783 950/844/783
f 1002/818/784 877/818/784 879/845/784 1004/845/784
f 976/843/785 864/843/785 865/846/785 978/846/785
f 950/844/786 851/844/786 852/777/786 952/777/786
f 910/847/787 878/836/787 879/845/787 911/848/787
f 1004/845/788 879/845/788 878/836/788 1006/836/788
f 911/848/789 879/845/789 877/818/789 909/815/789
f 908/816/790 876/817/790 875/838/790 907/849/790
f 948/842/539 914/878/539 913/877/539 946/840/539
f 950/844/539 915/879/539 914/878/539 948/842/539
f 952/777/539 916/880/539 915/879/539 950/844/539
f 954/778/539 917/881/539 916/880/539 952/777/539
f 956/821/539 918/882/539 917/881/539 954/778/539
f 958/823/539 919/883/539 918/882/539 956/821/539
f 960/825/539 920/884/539 919/883/539 958/823/539
f 962/827/539 921/885/539 920/884/539 960/825/539
f 964/829/539 922/886/539 921/885/539 962/827/539
f 966/831/539 923/887/539 922/886/539 964/829/539
f 968/833/539 924/888/539 923/887/539 966/831/539
f 970/835/539 925/889/539 924/888/539 968/833/539
f 972/839/539 926/890/539 925/889/539 970/835/539
f 974/841/539 927/891/539 926/890/539 972/839/539
f 976/843/539 928/892/539 927/891/539 974/841/539
f 978/846/539 929/893/539 928/892/539 976/843/539
f 980/819/539 930/894/539 929/893/539 978/846/539
f 982/820/539 931/895/539 930/894/539 980/819/539
f 984/822/539 932/896/539 931/895/539 982/820/539
f 986/824/539 933/897/539 932/896/539 984/822/539
f 988/826/539 934/898/539 933/897/539 986/824/539
f 990/828/539 935/899/539 934/898/539 988/826/539
f 992/830/539 936/900/539 935/899/539 990/828/539
f 994/832/539 937/901/539 936/900/539 992/830/539
f 996/834/539 938/902/539 937/901/539 994/832/539
f 998/838/539 939/903/539 938/902/539 996/834/539
f 1000/817/539 940/904/539 939/903/539 998/838/539
f 1002/818/539 941/905/539 940/904/539 1000/817/539
f 1004/845/539 943/906/539 941/905/539 1002/818/539
f 946/840/539 913/877/539 912/907/539 944/837/539
f 1006/836/539 942/908/539 943/906/539 1004/845/539
f 944/837/539 912/907/539 942/908/539 1006/836/539
f 978/846/791 865/846/791 866/819/791 980/819/791
s 1
f 1487/780/756 1486/782/694 942/781/695 912/779/755
f 1457/774/751 1456/776/753 913/775/752 914/773/750
f 1458/225/749 1457/774/751 914/773/750 915/772/748
f 1459/771/747 1458/225/749 915/772/748 916/770/746
f 1460/769/745 1459/771/747 916/770/746 917/768/744
f 1461/767/743 1460/769/745 917/768/744 918/766/742
f 1462/457/248 1461/767/743 918/766/742 919/765/741
f 1463/764/740 1462/457/248 919/765/741 920/763/739
f 1464/663/738 1463/764/740 920/763/739 921/762/737
f 1465/761/736 1464/663/738 921/762/737 922/760/735
f 1466/19/734 1465/761/736 922/760/735 923/571/733
f 1467/759/732 1466/19/734 923/571/733 924/758/731
f 1468/757/730 1467/759/732 924/758/731 925/756/729
f 1469/755/728 1468/757/730 925/756/729 926/754/727
f 1470/272/726 1469/755/728 926/754/727 927/574/725
f 1471/753/724 1470/272/726 927/574/725 928/752/723
f 1472/12/722 1471/753/724 928/752/723 929/623/721
f 1473/751/720 1472/12/722 929/623/721 930/750/719
f 1474/11/718 1473/751/720 930/750/719 931/622/717
f 1475/694/716 1474/11/718 931/622/717 932/749/715
f 1476/649/714 1475/694/716 932/749/715 933/748/713
f 1477/747/712 1476/649/714 933/748/713 934/746/711
f 1478/461/25 1477/747/712 934/746/711 935/745/710
f 1479/744/709 1478/461/25 935/745/710 936/743/708
f 1480/670/707 1479/744/709 936/743/708 937/742/706
f 1481/645/705 1480/670/707 937/742/706 938/741/704
f 1482/23/703 1481/645/705 938/741/704 939/740/702
f 1483/739/701 1482/23/703 939/740/702 940/738/700
f 1484/737/699 1483/739/701 940/738/700 941/736/698
f 1485/735/697 1484/737/699 941/736/698 943/734/696
s 0
f 952/777/754 852/777/754 853/778/754 954/778/754
s 1
f 1486/732/694 1485/735/697 943/734/696 942/733/695
f 1456/776/753 1487/780/756 912/779/755 913/775/752
s 0
f 1007/783/522 945/814/522 947/813/522 949/812/522 951/811/522 953/810/522 955/809/522 957/808/522 959/807/522 961/806/522 963/805/522 965/804/522 967/803/522 969/802/522 971/801/522 973/800/522 975/799/522 977/798/522 979/797/522 981/796/522 983/795/522 985/794/522 987/793/522 989/792/522 991/791/522 993/790/522 995/789/522 997/788/522 999/787/522 1001/786/522 1003/785/522 1005/784/522
f 753/836/539 1009/908/539 1008/906/539 755/845/539
f 755/845/539 1008/906/539 1010/905/539 757/818/539
f 757/818/539 1010/905/539 1011/904/539 759/817/539
f 759/817/539 1011/904/539 1012/903/539 761/838/539
f 761/838/539 1012/903/539 1013/902/539 763/834/539
f 763/834/539 1013/902/539 1014/901/539 765/832/539
f 765/832/539 1014/901/539 1015/900/539 767/830/539
f 767/830/539 1015/900/539 1016/899/539 769/828/539
f 769/828/539 1016/899/539 1017/898/539 771/826/539
f 771/826/539 1017/898/539 1018/897/539 773/824/539
f 773/824/539 1018/897/539 1019/896/539 775/822/539
f 775/822/539 1019/896/539 1020/895/539 777/820/539
f 777/820/539 1020/895/539 1021/894/539 779/819/539
f 779/819/539 1021/894/539 1022/893/539 781/846/539
f 781/846/539 1022/893/539 1023/892/539 783/843/539
f 783/843/539 1023/892/539 1024/891/539 785/841/539
f 785/841/539 1024/891/539 1025/890/539 787/839/539
f 787/839/539 1025/890/539 1026/889/539 789/835/539
f 789/835/539 1026/889/539 1027/888/539 791/833/539
f 791/833/539 1027/888/539 1028/887/539 793/831/539
f 793/831/539 1028/887/539 1029/886/539 795/829/539
f 795/829/539 1029/886/539 1030/885/539 797/827/539
f 797/827/539 1030/885/539 1031/884/539 799/825/539
f 799/825/539 1031/884/539 1032/883/539 801/823/539
f 801/823/539 1032/883/539 1033/882/539 803/821/539
f 803/821/539 1033/882/539 1034/881/539 805/778/539
f 805/778/539 1034/881/539 1035/880/539 807/777/539
f 807/777/539 1035/880/539 1036/879/539 809/844/539
f 809/844/539 1036/879/539 1037/878/539 811/842/539
f 811/842/539 1037/878/539 1038/877/539 813/840/539
f 813/840/539 1038/877/539 1039/907/539 815/837/539
f 815/837/539 1039/907/539 1009/908/539 753/836/539
f 781/846/791 1086/846/791 1085/819/791 779/819/791
f 755/845/788 1072/845/788 1073/836/788 753/836/788
f 809/844/786 1100/844/786 1099/777/786 807/777/786
f 783/843/785 1087/843/785 1086/846/785 781/846/785
f 757/818/784 1074/818/784 1072/845/784 755/845/784
f 811/842/783 1101/842/783 1100/844/783 809/844/783
f 785/841/782 1088/841/782 1087/843/782 783/843/782
f 759/817/781 1075/817/781 1074/818/781 757/818/781
f 813/840/780 1102/840/780 1101/842/780 811/842/780
f 787/839/779 1089/839/779 1088/841/779 785/841/779
f 761/838/778 1076/838/778 1075/817/778 759/817/778
f 815/837/777 1103/837/777 1102/840/777 813/840/777
f 789/835/776 1090/835/776 1089/839/776 787/839/776
f 763/834/775 1077/834/775 1076/838/775 761/838/775
f 753/836/774 1073/836/774 1103/837/774 815/837/774
f 791/833/773 1091/833/773 1090/835/773 789/835/773
f 765/832/772 1078/832/772 1077/834/772 763/834/772
f 793/831/771 1092/831/771 1091/833/771 791/833/771
f 767/830/770 1079/830/770 1078/832/770 765/832/770
f 795/829/769 1093/829/769 1092/831/769 793/831/769
f 769/828/768 1080/828/768 1079/830/768 767/830/768
f 797/827/767 1094/827/767 1093/829/767 795/829/767
f 771/826/766 1081/826/766 1080/828/766 769/828/766
f 799/825/765 1095/825/765 1094/827/765 797/827/765
f 773/824/764 1082/824/764 1081/826/764 771/826/764
f 801/823/763 1096/823/763 1095/825/763 799/825/763
f 775/822/762 1083/822/762 1082/824/762 773/824/762
f 803/821/761 1097/821/761 1096/823/761 801/823/761
f 777/820/760 1084/820/760 1083/822/760 775/822/760
f 805/778/759 1098/778/759 1097/821/759 803/821/759
f 779/819/758 1085/819/758 1084/820/758 777/820/758
f 1041/847/787 1073/836/787 1072/845/787 1040/848/787
f 1040/848/789 1072/845/789 1074/818/789 1042/815/789
f 1042/815/757 1074/818/757 1075/817/757 1043/816/757
f 1043/816/790 1075/817/790 1076/838/790 1044/849/790
f 1044/849/792 1076/838/792 1077/834/792 1045/876/792
f 1045/876/793 1077/834/793 1078/832/793 1046/875/793
f 1046/875/794 1078/832/794 1079/830/794 1047/874/794
f 1047/874/795 1079/830/795 1080/828/795 1048/873/795
f 1048/873/796 1080/828/796 1081/826/796 1049/872/796
f 1049/872/797 1081/826/797 1082/824/797 1050/871/797
f 1050/871/798 1082/824/798 1083/822/798 1051/870/798
f 1051/870/799 1083/822/799 1084/820/799 1052/869/799
f 1052/869/800 1084/820/800 1085/819/800 1053/868/800
f 1053/868/801 1085/819/801 1086/846/801 1054/867/801
f 1054/867/802 1086/846/802 1087/843/802 1055/866/802
f 1055/866/803 1087/843/803 1088/841/803 1056/865/803
f 1056/865/804 1088/841/804 1089/839/804 1057/864/804
f 1057/864/805 1089/839/805 1090/835/805 1058/863/805
f 1058/863/806 1090/835/806 1091/833/806 1059/862/806
f 1059/862/807 1091/833/807 1092/831/807 1060/861/807
f 1060/861/808 1092/831/808 1093/829/808 1061/860/808
f 1061/860/809 1093/829/809 1094/827/809 1062/859/809
f 1062/859/810 1094/827/810 1095/825/810 1063/858/810
f 1063/858/811 1095/825/811 1096/823/811 1064/857/811
f 1064/857/812 1096/823/812 1097/821/812 1065/856/812
f 1065/856/813 1097/821/813 1098/778/813 1066/855/813
f 1066/855/814 1098/778/814 1099/777/814 1067/854/814
f 1067/854/815 1099/777/815 1100/844/815 1068/853/815
f 1068/853/816 1100/844/816 1101/842/816 1069/852/816
f 1069/852/817 1101/842/817 1102/840/817 1070/851/817
f 1070/851/818 1102/840/818 1103/837/818 1071/850/818
f 1071/850/819 1103/837/819 1073/836/819 1041/847/819
f 907/849/792 875/838/792 874/834/792 906/876/792
f 906/876/793 874/834/793 873/832/793 905/875/793
f 905/875/794 873/832/794 872/830/794 904/874/794
f 904/874/795 872/830/795 871/828/795 903/873/795
f 903/873/796 871/828/796 870/826/796 902/872/796
f 902/872/797 870/826/797 869/824/797 901/871/797
f 901/871/798 869/824/798 868/822/798 900/870/798
f 900/870/820 868/822/820 867/820/820 899/869/820
f 899/869/821 867/820/821 866/819/821 898/868/821
f 898/868/801 866/819/801 865/846/801 897/867/801
f 897/867/802 865/846/802 864/843/802 896/866/802
f 896/866/803 864/843/803 863/841/803 895/865/803
f 895/865/804 863/841/804 862/839/804 894/864/804
f 894/864/805 862/839/805 861/835/805 893/863/805
f 893/863/806 861/835/806 860/833/806 892/862/806
f 892/862/822 860/833/822 859/831/822 891/861/822
f 891/861/808 859/831/808 858/829/808 890/860/808
f 890/860/809 858/829/809 857/827/809 889/859/809
f 889/859/810 857/827/810 856/825/810 888/858/810
f 888/858/811 856/825/811 855/823/811 887/857/811
f 887/857/812 855/823/812 854/821/812 886/856/812
f 886/856/813 854/821/813 853/778/813 885/855/813
f 885/855/814 853/778/814 852/777/814 884/854/814
f 884/854/815 852/777/815 851/844/815 883/853/815
f 883/853/816 851/844/816 850/842/816 882/852/816
f 882/852/817 850/842/817 849/840/817 881/851/817
f 881/851/818 849/840/818 848/837/818 880/850/818
f 880/850/819 848/837/819 878/836/819 910/847/819
s 1
f 1488/732/726 1489/735/724 1296/734/824 1297/733/823
f 1489/735/724 1490/737/722 1298/736/825 1296/734/824
f 1490/737/722 1491/739/720 1299/738/826 1298/736/825
f 1491/739/720 1492/23/718 1300/740/827 1299/738/826
f 1492/23/718 1493/645/716 1301/741/828 1300/740/827
f 1493/645/716 1494/670/714 1302/742/829 1301/741/828
f 1494/670/714 1495/744/712 1303/743/830 1302/742/829
f 1495/744/712 1496/461/25 1304/745/831 1303/743/830
f 1496/461/25 1497/747/709 1305/746/832 1304/745/831
f 1497/747/709 1498/649/707 1306/748/833 1305/746/832
f 1498/649/707 1499/694/705 1307/749/834 1306/748/833
f 1499/694/705 1500/11/703 1308/622/835 1307/749/834
f 1500/11/703 1501/751/701 1309/750/836 1308/622/835
f 1501/751/701 1502/12/699 1310/623/837 1309/750/836
f 1502/12/699 1503/753/697 1311/752/838 1310/623/837
f 1503/753/697 1504/272/694 1312/574/839 1311/752/838
f 1504/272/694 1505/755/756 1313/754/840 1312/574/839
f 1505/755/756 1506/757/753 1314/756/841 1313/754/840
f 1506/757/753 1507/759/751 1315/758/842 1314/756/841
f 1507/759/751 1508/19/749 1316/571/843 1315/758/842
f 1508/19/749 1509/761/747 1317/760/844 1316/571/843
f 1509/761/747 1510/663/745 1318/762/845 1317/760/844
f 1510/663/745 1511/764/743 1319/763/846 1318/762/845
f 1511/764/743 1512/457/248 1320/765/847 1319/763/846
f 1512/457/248 1513/767/740 1321/766/848 1320/765/847
f 1513/767/740 1514/769/738 1322/768/849 1321/766/848
f 1514/769/738 1515/771/736 1323/770/850 1322/768/849
f 1515/771/736 1516/225/734 1324/772/851 1323/770/850
f 1516/225/734 1517/774/732 1325/773/852 1324/772/851
f 1517/774/732 1518/776/730 1326/775/853 1325/773/852
s 0
f 1127/777/854 1387/777/854 1386/778/854 1125/778/854
s 1
f 1518/776/730 1519/780/728 1327/779/855 1326/775/853
f 1519/780/728 1488/782/726 1297/781/823 1327/779/855
s 0
f 847/783/539 1134/814/539 1132/813/539 1130/812/539 1128/811/539 1126/810/539 1124/809/539 1122/808/539 1120/807/539 1118/806/539 1116/805/539 1114/804/539 1112/803/539 1110/802/539 1108/801/539 1106/800/539 1104/799/539 817/798/539 819/797/539 821/796/539 823/795/539 825/794/539 827/793/539 829/792/539 831/791/539 833/790/539 835/789/539 837/788/539 839/787/539 841/786/539 843/785/539 845/784/539
f 1197/815/856 1165/818/856 1164/817/856 1196/816/856
f 1268/819/857 1154/819/857 1155/820/857 1270/820/857
f 1242/778/858 1141/778/858 1142/821/858 1244/821/858
f 1270/820/859 1155/820/859 1156/822/859 1272/822/859
f 1244/821/860 1142/821/860 1143/823/860 1246/823/860
f 1272/822/861 1156/822/861 1157/824/861 1274/824/861
f 1246/823/862 1143/823/862 1144/825/862 1248/825/862
f 1274/824/863 1157/824/863 1158/826/863 1276/826/863
f 1248/825/864 1144/825/864 1145/827/864 1250/827/864
f 1276/826/865 1158/826/865 1159/828/865 1278/828/865
f 1250/827/866 1145/827/866 1146/829/866 1252/829/866
f 1278/828/867 1159/828/867 1160/830/867 1280/830/867
f 1252/829/868 1146/829/868 1147/831/868 1254/831/868
f 1280/830/869 1160/830/869 1161/832/869 1282/832/869
f 1254/831/870 1147/831/870 1148/833/870 1256/833/870
f 1282/832/871 1161/832/871 1162/834/871 1284/834/871
f 1256/833/872 1148/833/872 1149/835/872 1258/835/872
f 1294/836/873 1166/836/873 1136/837/873 1232/837/873
f 1284/834/874 1162/834/874 1163/838/874 1286/838/874
f 1258/835/875 1149/835/875 1150/839/875 1260/839/875
f 1232/837/876 1136/837/876 1137/840/876 1234/840/876
f 1286/838/877 1163/838/877 1164/817/877 1288/817/877
f 1260/839/878 1150/839/878 1151/841/878 1262/841/878
f 1234/840/879 1137/840/879 1138/842/879 1236/842/879
f 1288/817/880 1164/817/880 1165/818/880 1290/818/880
f 1262/841/881 1151/841/881 1152/843/881 1264/843/881
f 1236/842/882 1138/842/882 1139/844/882 1238/844/882
f 1290/818/883 1165/818/883 1167/845/883 1292/845/883
f 1264/843/884 1152/843/884 1153/846/884 1266/846/884
f 1238/844/885 1139/844/885 1140/777/885 1240/777/885
f 1198/847/886 1166/836/886 1167/845/886 1199/848/886
f 1292/845/887 1167/845/887 1166/836/887 1294/836/887
f 1199/848/888 1167/845/888 1165/818/888 1197/815/888
f 1196/816/889 1164/817/889 1163/838/889 1195/849/889
f 1236/842/522 1202/878/522 1201/877/522 1234/840/522
f 1238/844/522 1203/879/522 1202/878/522 1236/842/522
f 1240/777/522 1204/880/522 1203/879/522 1238/844/522
f 1242/778/522 1205/881/522 1204/880/522 1240/777/522
f 1244/821/522 1206/882/522 1205/881/522 1242/778/522
f 1246/823/522 1207/883/522 1206/882/522 1244/821/522
f 1248/825/522 1208/884/522 1207/883/522 1246/823/522
f 1250/827/522 1209/885/522 1208/884/522 1248/825/522
f 1252/829/522 1210/886/522 1209/885/522 1250/827/522
f 1254/831/522 1211/887/522 1210/886/522 1252/829/522
f 1256/833/522 1212/888/522 1211/887/522 1254/831/522
f 1258/835/522 1213/889/522 1212/888/522 1256/833/522
f 1260/839/522 1214/890/522 1213/889/522 1258/835/522
f 1262/841/522 1215/891/522 1214/890/522 1260/839/522
f 1264/843/522 1216/892/522 1215/891/522 1262/841/522
f 1266/846/522 1217/893/522 1216/892/522 1264/843/522
f 1268/819/522 1218/894/522 1217/893/522 1266/846/522
f 1270/820/522 1219/895/522 1218/894/522 1268/819/522
f 1272/822/522 1220/896/522 1219/895/522 1270/820/522
f 1274/824/522 1221/897/522 1220/896/522 1272/822/522
f 1276/826/522 1222/898/522 1221/897/522 1274/824/522
f 1278/828/522 1223/899/522 1222/898/522 1276/826/522
f 1280/830/522 1224/900/522 1223/899/522 1278/828/522
f 1282/832/522 1225/901/522 1224/900/522 1280/830/522
f 1284/834/522 1226/902/522 1225/901/522 1282/832/522
f 1286/838/522 1227/903/522 1226/902/522 1284/834/522
f 1288/817/522 1228/904/522 1227/903/522 1286/838/522
f 1290/818/522 1229/905/522 1228/904/522 1288/817/522
f 1292/845/522 1231/906/522 1229/905/522 1290/818/522
f 1234/840/522 1201/877/522 1200/907/522 1232/837/522
f 1294/836/522 1230/908/522 1231/906/522 1292/845/522
f 1232/837/522 1200/907/522 1230/908/522 1294/836/522
f 1266/846/890 1153/846/890 1154/819/890 1268/819/890
s 1
f 1423/780/728 1422/782/726 1230/781/823 1200/779/855
f 1393/774/732 1392/776/730 1201/775/853 1202/773/852
f 1394/225/734 1393/774/732 1202/773/852 1203/772/851
f 1395/771/736 1394/225/734 1203/772/851 1204/770/850
f 1396/769/738 1395/771/736 1204/770/850 1205/768/849
f 1397/767/740 1396/769/738 1205/768/849 1206/766/848
f 1398/457/248 1397/767/740 1206/766/848 1207/765/847
f 1399/764/743 1398/457/248 1207/765/847 1208/763/846
f 1400/663/745 1399/764/743 1208/763/846 1209/762/845
f 1401/761/747 1400/663/745 1209/762/845 1210/760/844
f 1402/19/749 1401/761/747 1210/760/844 1211/571/843
f 1403/759/751 1402/19/749 1211/571/843 1212/758/842
f 1404/757/753 1403/759/751 1212/758/842 1213/756/841
f 1405/755/756 1404/757/753 1213/756/841 1214/754/840
f 1406/272/694 1405/755/756 1214/754/840 1215/574/839
f 1407/753/697 1406/272/694 1215/574/839 1216/752/838
f 1408/12/699 1407/753/697 1216/752/838 1217/623/837
f 1409/751/701 1408/12/699 1217/623/837 1218/750/836
f 1410/11/703 1409/751/701 1218/750/836 1219/622/835
f 1411/694/705 1410/11/703 1219/622/835 1220/749/834
f 1412/649/707 1411/694/705 1220/749/834 1221/748/833
f 1413/747/709 1412/649/707 1221/748/833 1222/746/832
f 1414/461/25 1413/747/709 1222/746/832 1223/745/831
f 1415/744/712 1414/461/25 1223/745/831 1224/743/830
f 1416/670/714 1415/744/712 1224/743/830 1225/742/829
f 1417/645/716 1416/670/714 1225/742/829 1226/741/828
f 1418/23/718 1417/645/716 1226/741/828 1227/740/827
f 1419/739/720 1418/23/718 1227/740/827 1228/738/826
f 1420/737/722 1419/739/720 1228/738/826 1229/736/825
f 1421/735/724 1420/737/722 1229/736/825 1231/734/824
s 0
f 1240/777/854 1140/777/854 1141/778/854 1242/778/854
s 1
f 1422/732/726 1421/735/724 1231/734/824 1230/733/823
f 1392/776/730 1423/780/728 1200/779/855 1201/775/853
s 0
f 1295/783/539 1233/814/539 1235/813/539 1237/812/539 1239/811/539 1241/810/539 1243/809/539 1245/808/539 1247/807/539 1249/806/539 1251/805/539 1253/804/539 1255/803/539 1257/802/539 1259/801/539 1261/800/539 1263/799/539 1265/798/539 1267/797/539 1269/796/539 1271/795/539 1273/794/539 1275/793/539 1277/792/539 1279/791/539 1281/790/539 1283/789/539 1285/788/539 1287/787/539 1289/786/539 1291/785/539 1293/784/539
f 846/836/522 1297/908/522 1296/906/522 844/845/522
f 844/845/522 1296/906/522 1298/905/522 842/818/522
f 842/818/522 1298/905/522 1299/904/522 840/817/522
f 840/817/522 1299/904/522 1300/903/522 838/838/522
f 838/838/522 1300/903/522 1301/902/522 836/834/522
f 836/834/522 1301/902/522 1302/901/522 834/832/522
f 834/832/522 1302/901/522 1303/900/522 832/830/522
f 832/830/522 1303/900/522 1304/899/522 830/828/522
f 830/828/522 1304/899/522 1305/898/522 828/826/522
f 828/826/522 1305/898/522 1306/897/522 826/824/522
f 826/824/522 1306/897/522 1307/896/522 824/822/522
f 824/822/522 1307/896/522 1308/895/522 822/820/522
f 822/820/522 1308/895/522 1309/894/522 820/819/522
f 820/819/522 1309/894/522 1310/893/522 818/846/522
f 818/846/522 1310/893/522 1311/892/522 816/843/522
f 816/843/522 1311/892/522 1312/891/522 1105/841/522
f 1105/841/522 1312/891/522 1313/890/522 1107/839/522
f 1107/839/522 1313/890/522 1314/889/522 1109/835/522
f 1109/835/522 1314/889/522 1315/888/522 1111/833/522
f 1111/833/522 1315/888/522 1316/887/522 1113/831/522
f 1113/831/522 1316/887/522 1317/886/522 1115/829/522
f 1115/829/522 1317/886/522 1318/885/522 1117/827/522
f 1117/827/522 1318/885/522 1319/884/522 1119/825/522
f 1119/825/522 1319/884/522 1320/883/522 1121/823/522
f 1121/823/522 1320/883/522 1321/882/522 1123/821/522
f 1123/821/522 1321/882/522 1322/881/522 1125/778/522
f 1125/778/522 1322/881/522 1323/880/522 1127/777/522
f 1127/777/522 1323/880/522 1324/879/522 1129/844/522
f 1129/844/522 1324/879/522 1325/878/522 1131/842/522
f 1131/842/522 1325/878/522 1326/877/522 1133/840/522
f 1133/840/522 1326/877/522 1327/907/522 1135/837/522
f 1135/837/522 1327/907/522 1297/908/522 846/836/522
f 818/846/890 1374/846/890 1373/819/890 820/819/890
f 844/845/887 1360/845/887 1361/836/887 846/836/887
f 1129/844/885 1388/844/885 1387/777/885 1127/777/885
f 816/843/884 1375/843/884 1374/846/884 818/846/884
f 842/818/883 1362/818/883 1360/845/883 844/845/883
f 1131/842/882 1389/842/882 1388/844/882 1129/844/882
f 1105/841/881 1376/841/881 1375/843/881 816/843/881
f 840/817/880 1363/817/880 1362/818/880 842/818/880
f 1133/840/879 1390/840/879 1389/842/879 1131/842/879
f 1107/839/878 1377/839/878 1376/841/878 1105/841/878
f 838/838/877 1364/838/877 1363/817/877 840/817/877
f 1135/837/876 1391/837/876 1390/840/876 1133/840/876
f 1109/835/875 1378/835/875 1377/839/875 1107/839/875
f 836/834/874 1365/834/874 1364/838/874 838/838/874
f 846/836/873 1361/836/873 1391/837/873 1135/837/873
f 1111/833/872 1379/833/872 1378/835/872 1109/835/872
f 834/832/871 1366/832/871 1365/834/871 836/834/871
f 1113/831/870 1380/831/870 1379/833/870 1111/833/870
f 832/830/869 1367/830/869 1366/832/869 834/832/869
f 1115/829/868 1381/829/868 1380/831/868 1113/831/868
f 830/828/867 1368/828/867 1367/830/867 832/830/867
f 1117/827/866 1382/827/866 1381/829/866 1115/829/866
f 828/826/865 1369/826/865 1368/828/865 830/828/865
f 1119/825/864 1383/825/864 1382/827/864 1117/827/864
f 826/824/863 1370/824/863 1369/826/863 828/826/863
f 1121/823/862 1384/823/862 1383/825/862 1119/825/862
f 824/822/861 1371/822/861 1370/824/861 826/824/861
f 1123/821/860 1385/821/860 1384/823/860 1121/823/860
f 822/820/859 1372/820/859 1371/822/859 824/822/859
f 1125/778/858 1386/778/858 1385/821/858 1123/821/858
f 820/819/857 1373/819/857 1372/820/857 822/820/857
f 1329/847/891 1361/836/891 1360/845/891 1328/848/891
f 1328/848/892 1360/845/892 1362/818/892 1330/815/892
f 1330/815/856 1362/818/856 1363/817/856 1331/816/856
f 1331/816/889 1363/817/889 1364/838/889 1332/849/889
f 1332/849/893 1364/838/893 1365/834/893 1333/876/893
f 1333/876/894 1365/834/894 1366/832/894 1334/875/894
f 1334/875/895 1366/832/895 1367/830/895 1335/874/895
f 1335/874/896 1367/830/896 1368/828/896 1336/873/896
f 1336/873/897 1368/828/897 1369/826/897 1337/872/897
f 1337/872/898 1369/826/898 1370/824/898 1338/871/898
f 1338/871/899 1370/824/899 1371/822/899 1339/870/899
f 1339/870/900 1371/822/900 1372/820/900 1340/869/900
f 1340/869/901 1372/820/901 1373/819/901 1341/868/901
f 1341/868/902 1373/819/902 1374/846/902 1342/867/902
f 1342/867/903 1374/846/903 1375/843/903 1343/866/903
f 1343/866/904 1375/843/904 1376/841/904 1344/865/904
f 1344/865/905 1376/841/905 1377/839/905 1345/864/905
f 1345/864/906 1377/839/906 1378/835/906 1346/863/906
f 1346/863/907 1378/835/907 1379/833/907 1347/862/907
f 1347/862/908 1379/833/908 1380/831/908 1348/861/908
f 1348/861/909 1380/831/909 1381/829/909 1349/860/909
f 1349/860/910 1381/829/910 1382/827/910 1350/859/910
f 1350/859/911 1382/827/911 1383/825/911 1351/858/911
f 1351/858/912 1383/825/912 1384/823/912 1352/857/912
f 1352/857/913 1384/823/913 1385/821/913 1353/856/913
f 1353/856/914 1385/821/914 1386/778/914 1354/855/914
f 1354/855/915 1386/778/915 1387/777/915 1355/854/915
f 1355/854/916 1387/777/916 1388/844/916 1356/853/916
f 1356/853/917 1388/844/917 1389/842/917 1357/852/917
f 1357/852/918 1389/842/918 1390/840/918 1358/851/918
f 1358/851/919 1390/840/919 1391/837/919 1359/850/919
f 1359/850/920 1391/837/920 1361/836/920 1329/847/920
f 1195/849/893 1163/838/893 1162/834/893 1194/876/893
f 1194/876/894 1162/834/894 1161/832/894 1193/875/894
f 1193/875/895 1161/832/895 1160/830/895 1192/874/895
f 1192/874/921 1160/830/921 1159/828/921 1191/873/921
f 1191/873/922 1159/828/922 1158/826/922 1190/872/922
f 1190/872/898 1158/826/898 1157/824/898 1189/871/898
f 1189/871/899 1157/824/899 1156/822/899 1188/870/899
f 1188/870/900 1156/822/900 1155/820/900 1187/869/900
f 1187/869/901 1155/820/901 1154/819/901 1186/868/901
f 1186/868/902 1154/819/902 1153/846/902 1185/867/902
f 1185/867/903 1153/846/903 1152/843/903 1184/866/903
f 1184/866/923 1152/843/923 1151/841/923 1183/865/923
f 1183/865/924 1151/841/924 1150/839/924 1182/864/924
f 1182/864/925 1150/839/925 1149/835/925 1181/863/925
f 1181/863/907 1149/835/907 1148/833/907 1180/862/907
f 1180/862/908 1148/833/908 1147/831/908 1179/861/908
f 1179/861/909 1147/831/909 1146/829/909 1178/860/909
f 1178/860/910 1146/829/910 1145/827/910 1177/859/910
f 1177/859/911 1145/827/911 1144/825/911 1176/858/911
f 1176/858/912 1144/825/912 1143/823/912 1175/857/912
f 1175/857/913 1143/823/913 1142/821/913 1174/856/913
f 1174/856/914 1142/821/914 1141/778/914 1173/855/914
f 1173/855/915 1141/778/915 1140/777/915 1172/854/915
f 1172/854/916 1140/777/916 1139/844/916 1171/853/916
f 1171/853/917 1139/844/917 1138/842/917 1170/852/917
f 1170/852/918 1138/842/918 1137/840/918 1169/851/918
f 1169/851/919 1137/840/919 1136/837/919 1168/850/919
f 1168/850/926 1136/837/926 1166/836/926 1198/847/926
s 1
f 1235/909/729 1233/910/727 1423/780/728 1392/776/730
f 1295/911/725 1293/912/723 1421/735/724 1422/732/726
f 1293/912/723 1291/913/721 1420/737/722 1421/735/724
f 1291/913/721 1289/914/719 1419/739/720 1420/737/722
f 1289/914/719 1287/640/717 1418/23/718 1419/739/720
f 1287/640/717 1285/639/715 1417/645/716 1418/23/718
f 1285/639/715 1283/671/713 1416/670/714 1417/645/716
f 1283/671/713 1281/915/711 1415/744/712 1416/670/714
f 1281/915/711 1279/631/710 1414/461/25 1415/744/712
f 1279/631/710 1277/916/708 1413/747/709 1414/461/25
f 1277/916/708 1275/630/706 1412/649/707 1413/747/709
f 1275/630/706 1273/695/704 1411/694/705 1412/649/707
f 1273/695/704 1271/636/702 1410/11/703 1411/694/705
f 1271/636/702 1269/917/700 1409/751/701 1410/11/703
f 1269/917/700 1267/918/698 1408/12/699 1409/751/701
f 1267/918/698 1265/919/696 1407/753/697 1408/12/699
f 1265/919/696 1263/275/695 1406/272/694 1407/753/697
f 1263/275/695 1261/920/755 1405/755/756 1406/272/694
f 1261/920/755 1259/921/752 1404/757/753 1405/755/756
f 1259/921/752 1257/922/750 1403/759/751 1404/757/753
f 1257/922/750 1255/276/748 1402/19/749 1403/759/751
f 1255/276/748 1253/923/746 1401/761/747 1402/19/749
f 1253/923/746 1251/662/744 1400/663/745 1401/761/747
f 1251/662/744 1249/924/742 1399/764/743 1400/663/745
f 1249/924/742 1247/661/741 1398/457/248 1399/764/743
f 1247/661/741 1245/925/739 1397/767/740 1398/457/248
f 1245/925/739 1243/926/737 1396/769/738 1397/767/740
f 1243/926/737 1241/927/735 1395/771/736 1396/769/738
f 1241/927/735 1239/690/733 1394/225/734 1395/771/736
f 1239/690/733 1237/928/731 1393/774/732 1394/225/734
f 1237/928/731 1235/909/729 1392/776/730 1393/774/732
f 1233/910/727 1295/929/725 1422/782/726 1423/780/728
f 814/910/840 752/929/839 1424/782/694 1455/780/756
f 812/909/841 814/910/840 1455/780/756 1454/776/753
f 810/928/842 812/909/841 1454/776/753 1453/774/751
f 808/690/843 810/928/842 1453/774/751 1452/225/749
f 806/927/844 808/690/843 1452/225/749 1451/771/747
f 804/926/845 806/927/844 1451/771/747 1450/769/745
f 802/925/846 804/926/845 1450/769/745 1449/767/743
f 800/661/847 802/925/846 1449/767/743 1448/457/248
f 798/924/848 800/661/847 1448/457/248 1447/764/740
f 796/662/849 798/924/848 1447/764/740 1446/663/738
f 794/923/850 796/662/849 1446/663/738 1445/761/736
f 792/276/851 794/923/850 1445/761/736 1444/19/734
f 790/922/852 792/276/851 1444/19/734 1443/759/732
f 788/921/853 790/922/852 1443/759/732 1442/757/730
f 786/920/855 788/921/853 1442/757/730 1441/755/728
f 784/275/823 786/920/855 1441/755/728 1440/272/726
f 782/919/824 784/275/823 1440/272/726 1439/753/724
f 780/918/825 782/919/824 1439/753/724 1438/12/722
f 778/917/826 780/918/825 1438/12/722 1437/751/720
f 776/636/827 778/917/826 1437/751/720 1436/11/718
f 774/695/828 776/636/827 1436/11/718 1435/694/716
f 772/630/829 774/695/828 1435/694/716 1434/649/714
f 770/916/830 772/630/829 1434/649/714 1433/747/712
f 768/631/831 770/916/830 1433/747/712 1432/461/25
f 766/915/832 768/631/831 1432/461/25 1431/744/709
f 764/671/833 766/915/832 1431/744/709 1430/670/707
f 762/639/834 764/671/833 1430/670/707 1429/645/705
f 760/640/835 762/639/834 1429/645/705 1428/23/703
f 758/914/836 760/640/835 1428/23/703 1427/739/701
f 756/913/837 758/914/836 1427/739/701 1426/737/699
f 754/912/838 756/913/837 1426/737/699 1425/735/697
f 752/911/839 754/912/838 1425/735/697 1424/732/694
f 947/909/841 945/910/840 1487/780/756 1456/776/753
f 1007/911/839 1005/912/838 1485/735/697 1486/732/694
f 1005/912/838 1003/913/837 1484/737/699 1485/735/697
f 1003/913/837 1001/914/836 1483/739/701 1484/737/699
f 1001/914/836 999/640/835 1482/23/703 1483/739/701
f 999/640/835 997/639/834 1481/645/705 1482/23/703
f 997/639/834 995/671/833 1480/670/707 1481/645/705
f 995/671/833 993/915/832 1479/744/709 1480/670/707
f 993/915/832 991/631/831 1478/461/25 1479/744/709
f 991/631/831 989/916/830 1477/747/712 1478/461/25
f 989/916/830 987/630/829 1476/649/714 1477/747/712
f 987/630/829 985/695/828 1475/694/716 1476/649/714
f 985/695/828 983/636/827 1474/11/718 1475/694/716
f 983/636/827 981/917/826 1473/751/720 1474/11/718
f 981/917/826 979/918/825 1472/12/722 1473/751/720
f 979/918/825 977/919/824 1471/753/724 1472/12/722
f 977/919/824 975/275/823 1470/272/726 1471/753/724
f 975/275/823 973/920/855 1469/755/728 1470/272/726
f 973/920/855 971/921/853 1468/757/730 1469/755/728
f 971/921/853 969/922/852 1467/759/732 1468/757/730
f 969/922/852 967/276/851 1466/19/734 1467/759/732
f 967/276/851 965/923/850 1465/761/736 1466/19/734
f 965/923/850 963/662/849 1464/663/738 1465/761/736
f 963/662/849 961/924/848 1463/764/740 1464/663/738
f 961/924/848 959/661/847 1462/457/248 1463/764/740
f 959/661/847 957/925/846 1461/767/743 1462/457/248
f 957/925/846 955/926/845 1460/769/745 1461/767/743
f 955/926/845 953/927/844 1459/771/747 1460/769/745
f 953/927/844 951/690/843 1458/225/749 1459/771/747
f 951/690/843 949/928/842 1457/774/751 1458/225/749
f 949/928/842 947/909/841 1456/776/753 1457/774/751
f 945/910/840 1007/929/839 1486/782/694 1487/780/756
f 1134/910/727 847/929/725 1488/782/726 1519/780/728
f 1132/909/729 1134/910/727 1519/780/728 1518/776/730
f 1130/928/731 1132/909/729 1518/776/730 1517/774/732
f 1128/690/733 1130/928/731 1517/774/732 1516/225/734
f 1126/927/735 1128/690/733 1516/225/734 1515/771/736
f 1124/926/737 1126/927/735 1515/771/736 1514/769/738
f 1122/925/739 1124/926/737 1514/769/738 1513/767/740
f 1120/661/741 1122/925/739 1513/767/740 1512/457/248
f 1118/924/742 1120/661/741 1512/457/248 1511/764/743
f 1116/662/744 1118/924/742 1511/764/743 1510/663/745
f 1114/923/746 1116/662/744 1510/663/745 1509/761/747
f 1112/276/748 1114/923/746 1509/761/747 1508/19/749
f 1110/922/750 1112/276/748 1508/19/749 1507/759/751
f 1108/921/752 1110/922/750 1507/759/751 1506/757/753
f 1106/920/755 1108/921/752 1506/757/753 1505/755/756
f 1104/275/695 1106/920/755 1505/755/756 1504/272/694
f 817/919/696 1104/275/695 1504/272/694 1503/753/697
f 819/918/698 817/919/696 1503/753/697 1502/12/699
f 821/917/700 819/918/698 1502/12/699 1501/751/701
f 823/636/702 821/917/700 1501/751/701 1500/11/703
f 825/695/704 823/636/702 1500/11/703 1499/694/705
f 827/630/706 825/695/704 1499/694/705 1498/649/707
f 829/916/708 827/630/706 1498/649/707 1497/747/709
f 831/631/710 829/916/708 1497/747/709 1496/461/25
f 833/915/711 831/631/710 1496/461/25 1495/744/712
f 835/671/713 833/915/711 1495/744/712 1494/670/714
f 837/639/715 835/671/713 1494/670/714 1493/645/716
f 839/640/717 837/639/715 1493/645/716 1492/23/718
f 841/914/719 839/640/717 1492/23/718 1491/739/720
f 843/913/721 841/914/719 1491/739/720 1490/737/722
f 845/912/723 843/913/721 1490/737/722 1489/735/724
f 847/911/725 845/912/723 1489/735/724 1488/732/726
s 0
g Car_car_wheel_rim
usemtl car_wheel_rim
f 911/848/539 909/815/539 908/816/539 907/849/539 906/876/539 905/875/539 904/874/539 903/873/539 902/872/539 901/871/539 900/870/539 899/869/539 898/868/539 897/867/539 896/866/539 895/865/539 894/864/539 893/863/539 892/862/539 891/861/539 890/860/539 889/859/539 888/858/539 887/857/539 886/856/539 885/855/539 884/854/539 883/853/539 882/852/539 881/851/539 880/850/539 910/847/539
f 1040/848/539 1042/815/539 1043/816/539 1044/849/539 1045/876/539 1046/875/539 1047/874/539 1048/873/539 1049/872/539 1050/871/539 1051/870/539 1052/869/539 1053/868/539 1054/867/539 1055/866/539 1056/865/539 1057/864/539 1058/863/539 1059/862/539 1060/861/539 1061/860/539 1062/859/539 1063/858/539 1064/857/539 1065/856/539 1066/855/539 1067/854/539 1068/853/539 1069/852/539 1070/851/539 1071/850/539 1041/847/539
f 1199/848/522 1197/815/522 1196/816/522 1195/849/522 1194/876/522 1193/875/522 1192/874/522 1191/873/522 1190/872/522 1189/871/522 1188/870/522 1187/869/522 1186/868/522 1185/867/522 1184/866/522 1183/865/522 1182/864/522 1181/863/522 1180/862/522 1179/861/522 1178/860/522 1177/859/522 1176/858/522 1175/857/522 1174/856/522 1173/855/522 1172/854/522 1171/853/522 1170/852/522 1169/851/522 1168/850/522 1198/847/522
f 1328/848/522 1330/815/522 1331/816/522 1332/849/522 1333/876/522 1334/875/522 1335/874/522 1336/873/522 1337/872/522 1338/871/522 1339/870/522 1340/869/522 1341/868/522 1342/867/522 1343/866/522 1344/865/522 1345/864/522 1346/863/522 1347/862/522 1348/861/522 1349/860/522 1350/859/522 1351/858/522 1352/857/522 1353/856/522 1354/855/522 1355/854/522 1356/853/522 1357/852/522 1358/851/522 1359/850/522 1329/847/522
